Date,Visitor,Visitor_Pts,Home,Home_Pts
Tue Oct 17 2017,Boston Celtics,99,Cleveland Cavaliers,102
Tue Oct 17 2017,Houston Rockets,122,Golden State Warriors,121
Wed Oct 18 2017,Milwaukee Bucks,108,Boston Celtics,100
Wed Oct 18 2017,Atlanta Hawks,117,Dallas Mavericks,111
Wed Oct 18 2017,Charlotte Hornets,90,Detroit Pistons,102
Wed Oct 18 2017,Brooklyn Nets,131,Indiana Pacers,140
Wed Oct 18 2017,New Orleans Pelicans,91,Memphis Grizzlies,103
Wed Oct 18 2017,Miami Heat,109,Orlando Magic,116
Wed Oct 18 2017,Portland Trail Blazers,124,Phoenix Suns,76
Wed Oct 18 2017,Houston Rockets,105,Sacramento Kings,100
Wed Oct 18 2017,Minnesota Timberwolves,99,San Antonio Spurs,107
Wed Oct 18 2017,Denver Nuggets,96,Utah Jazz,106
Wed Oct 18 2017,Philadelphia 76ers,115,Washington Wizards,120
Thu Oct 19 2017,Los Angeles Clippers,108,Los Angeles Lakers,92
Thu Oct 19 2017,New York Knicks,84,Oklahoma City Thunder,105
Thu Oct 19 2017,Chicago Bulls,100,Toronto Raptors,117
Fri Oct 20 2017,Orlando Magic,121,Brooklyn Nets,126
Fri Oct 20 2017,Atlanta Hawks,91,Charlotte Hornets,109
Fri Oct 20 2017,Sacramento Kings,93,Dallas Mavericks,88
Fri Oct 20 2017,Portland Trail Blazers,114,Indiana Pacers,96
Fri Oct 20 2017,Cleveland Cavaliers,116,Milwaukee Bucks,97
Fri Oct 20 2017,Utah Jazz,97,Minnesota Timberwolves,100
Fri Oct 20 2017,Golden State Warriors,128,New Orleans Pelicans,120
Fri Oct 20 2017,Boston Celtics,102,Philadelphia 76ers,92
Fri Oct 20 2017,Los Angeles Lakers,132,Phoenix Suns,130
Fri Oct 20 2017,Detroit Pistons,111,Washington Wizards,115
Sat Oct 21 2017,San Antonio Spurs,87,Chicago Bulls,77
Sat Oct 21 2017,Orlando Magic,114,Cleveland Cavaliers,93
Sat Oct 21 2017,Sacramento Kings,79,Denver Nuggets,96
Sat Oct 21 2017,Dallas Mavericks,91,Houston Rockets,107
Sat Oct 21 2017,Phoenix Suns,88,Los Angeles Clippers,130
Sat Oct 21 2017,Golden State Warriors,101,Memphis Grizzlies,111
Sat Oct 21 2017,Indiana Pacers,108,Miami Heat,112
Sat Oct 21 2017,Portland Trail Blazers,110,Milwaukee Bucks,113
Sat Oct 21 2017,Detroit Pistons,111,New York Knicks,107
Sat Oct 21 2017,Philadelphia 76ers,94,Toronto Raptors,128
Sat Oct 21 2017,Oklahoma City Thunder,87,Utah Jazz,96
Sun Oct 22 2017,Atlanta Hawks,104,Brooklyn Nets,116
Sun Oct 22 2017,New Orleans Pelicans,119,Los Angeles Lakers,112
Sun Oct 22 2017,Minnesota Timberwolves,115,Oklahoma City Thunder,113
Mon Oct 23 2017,Golden State Warriors,133,Dallas Mavericks,103
Mon Oct 23 2017,Washington Wizards,109,Denver Nuggets,104
Mon Oct 23 2017,Philadelphia 76ers,97,Detroit Pistons,86
Mon Oct 23 2017,Memphis Grizzlies,98,Houston Rockets,90
Mon Oct 23 2017,Atlanta Hawks,93,Miami Heat,104
Mon Oct 23 2017,Charlotte Hornets,94,Milwaukee Bucks,103
Mon Oct 23 2017,Sacramento Kings,115,Phoenix Suns,117
Mon Oct 23 2017,Toronto Raptors,97,San Antonio Spurs,101
Tue Oct 24 2017,New York Knicks,89,Boston Celtics,110
Tue Oct 24 2017,Chicago Bulls,112,Cleveland Cavaliers,119
Tue Oct 24 2017,Utah Jazz,84,Los Angeles Clippers,102
Tue Oct 24 2017,Indiana Pacers,130,Minnesota Timberwolves,107
Tue Oct 24 2017,Brooklyn Nets,121,Orlando Magic,125
Tue Oct 24 2017,New Orleans Pelicans,93,Portland Trail Blazers,103
Wed Oct 25 2017,Cleveland Cavaliers,107,Brooklyn Nets,112
Wed Oct 25 2017,Denver Nuggets,93,Charlotte Hornets,110
Wed Oct 25 2017,Memphis Grizzlies,94,Dallas Mavericks,103
Wed Oct 25 2017,Minnesota Timberwolves,101,Detroit Pistons,122
Wed Oct 25 2017,Toronto Raptors,112,Golden State Warriors,117
Wed Oct 25 2017,Washington Wizards,99,Los Angeles Lakers,102
Wed Oct 25 2017,San Antonio Spurs,117,Miami Heat,100
Wed Oct 25 2017,Indiana Pacers,96,Oklahoma City Thunder,114
Wed Oct 25 2017,Houston Rockets,105,Philadelphia 76ers,104
Wed Oct 25 2017,Utah Jazz,88,Phoenix Suns,97
Thu Oct 26 2017,Atlanta Hawks,86,Chicago Bulls,91
Thu Oct 26 2017,Dallas Mavericks,91,Memphis Grizzlies,96
Thu Oct 26 2017,Boston Celtics,96,Milwaukee Bucks,89
Thu Oct 26 2017,Los Angeles Clippers,104,Portland Trail Blazers,103
Thu Oct 26 2017,New Orleans Pelicans,114,Sacramento Kings,106
Fri Oct 27 2017,Denver Nuggets,105,Atlanta Hawks,100
Fri Oct 27 2017,Houston Rockets,109,Charlotte Hornets,93
Fri Oct 27 2017,Washington Wizards,117,Golden State Warriors,120
Fri Oct 27 2017,Toronto Raptors,101,Los Angeles Lakers,92
Fri Oct 27 2017,Oklahoma City Thunder,116,Minnesota Timberwolves,119
Fri Oct 27 2017,Brooklyn Nets,86,New York Knicks,107
Fri Oct 27 2017,San Antonio Spurs,87,Orlando Magic,114
Sat Oct 28 2017,Oklahoma City Thunder,101,Chicago Bulls,69
Sat Oct 28 2017,Philadelphia 76ers,112,Dallas Mavericks,110
Sat Oct 28 2017,Detroit Pistons,95,Los Angeles Clippers,87
Sat Oct 28 2017,Houston Rockets,89,Memphis Grizzlies,103
Sat Oct 28 2017,Boston Celtics,96,Miami Heat,90
Sat Oct 28 2017,Cleveland Cavaliers,101,New Orleans Pelicans,123
Sat Oct 28 2017,Phoenix Suns,107,Portland Trail Blazers,114
Sat Oct 28 2017,Los Angeles Lakers,81,Utah Jazz,96
Sun Oct 29 2017,Milwaukee Bucks,117,Atlanta Hawks,106
Sun Oct 29 2017,Denver Nuggets,124,Brooklyn Nets,111
Sun Oct 29 2017,Orlando Magic,113,Charlotte Hornets,120
Sun Oct 29 2017,New York Knicks,114,Cleveland Cavaliers,95
Sun Oct 29 2017,Detroit Pistons,115,Golden State Warriors,107
Sun Oct 29 2017,San Antonio Spurs,94,Indiana Pacers,97
Sun Oct 29 2017,Washington Wizards,110,Sacramento Kings,83
Mon Oct 30 2017,San Antonio Spurs,94,Boston Celtics,108
Mon Oct 30 2017,Philadelphia 76ers,115,Houston Rockets,107
Mon Oct 30 2017,Golden State Warriors,141,Los Angeles Clippers,113
Mon Oct 30 2017,Charlotte Hornets,104,Memphis Grizzlies,99
Mon Oct 30 2017,Minnesota Timberwolves,125,Miami Heat,122
Mon Oct 30 2017,Orlando Magic,115,New Orleans Pelicans,99
Mon Oct 30 2017,Denver Nuggets,110,New York Knicks,116
Mon Oct 30 2017,Toronto Raptors,99,Portland Trail Blazers,85
Mon Oct 30 2017,Dallas Mavericks,89,Utah Jazz,104
Tue Oct 31 2017,Phoenix Suns,122,Brooklyn Nets,114
Tue Oct 31 2017,Sacramento Kings,83,Indiana Pacers,101
Tue Oct 31 2017,Detroit Pistons,93,Los Angeles Lakers,113
Tue Oct 31 2017,Oklahoma City Thunder,110,Milwaukee Bucks,91
Wed Nov 1 2017,Sacramento Kings,86,Boston Celtics,113
Wed Nov 1 2017,Milwaukee Bucks,121,Charlotte Hornets,126
Wed Nov 1 2017,Indiana Pacers,124,Cleveland Cavaliers,107
Wed Nov 1 2017,Toronto Raptors,111,Denver Nuggets,129
Wed Nov 1 2017,Dallas Mavericks,98,Los Angeles Clippers,119
Wed Nov 1 2017,Orlando Magic,101,Memphis Grizzlies,99
Wed Nov 1 2017,Chicago Bulls,91,Miami Heat,97
Wed Nov 1 2017,Minnesota Timberwolves,104,New Orleans Pelicans,98
Wed Nov 1 2017,Houston Rockets,119,New York Knicks,97
Wed Nov 1 2017,Atlanta Hawks,109,Philadelphia 76ers,119
Wed Nov 1 2017,Portland Trail Blazers,103,Utah Jazz,112
Wed Nov 1 2017,Phoenix Suns,122,Washington Wizards,116
Thu Nov 2 2017,Los Angeles Lakers,110,Portland Trail Blazers,113
Thu Nov 2 2017,Golden State Warriors,112,San Antonio Spurs,92
Fri Nov 3 2017,Houston Rockets,119,Atlanta Hawks,104
Fri Nov 3 2017,New Orleans Pelicans,99,Dallas Mavericks,94
Fri Nov 3 2017,Miami Heat,94,Denver Nuggets,95
Fri Nov 3 2017,Milwaukee Bucks,96,Detroit Pistons,105
Fri Nov 3 2017,Brooklyn Nets,112,Los Angeles Lakers,124
Fri Nov 3 2017,Phoenix Suns,107,New York Knicks,120
Fri Nov 3 2017,Boston Celtics,101,Oklahoma City Thunder,94
Fri Nov 3 2017,Chicago Bulls,105,Orlando Magic,83
Fri Nov 3 2017,Indiana Pacers,110,Philadelphia 76ers,121
Fri Nov 3 2017,Charlotte Hornets,101,San Antonio Spurs,108
Fri Nov 3 2017,Toronto Raptors,109,Utah Jazz,100
Fri Nov 3 2017,Cleveland Cavaliers,130,Washington Wizards,122
Sat Nov 4 2017,New Orleans Pelicans,96,Chicago Bulls,90
Sat Nov 4 2017,Golden State Warriors,127,Denver Nuggets,108
Sat Nov 4 2017,Sacramento Kings,99,Detroit Pistons,108
Sat Nov 4 2017,Memphis Grizzlies,113,Los Angeles Clippers,104
Sat Nov 4 2017,Dallas Mavericks,99,Minnesota Timberwolves,112
Sun Nov 5 2017,Atlanta Hawks,117,Cleveland Cavaliers,115
Sun Nov 5 2017,Utah Jazz,110,Houston Rockets,137
Sun Nov 5 2017,Miami Heat,104,Los Angeles Clippers,101
Sun Nov 5 2017,Memphis Grizzlies,102,Los Angeles Lakers,107
Sun Nov 5 2017,Charlotte Hornets,94,Minnesota Timberwolves,112
Sun Nov 5 2017,Indiana Pacers,101,New York Knicks,108
Sun Nov 5 2017,Boston Celtics,104,Orlando Magic,88
Sun Nov 5 2017,Oklahoma City Thunder,99,Portland Trail Blazers,103
Sun Nov 5 2017,Phoenix Suns,95,San Antonio Spurs,112
Sun Nov 5 2017,Washington Wizards,107,Toronto Raptors,96
Mon Nov 6 2017,Boston Celtics,110,Atlanta Hawks,107
Mon Nov 6 2017,Miami Heat,80,Golden State Warriors,97
Mon Nov 6 2017,Brooklyn Nets,98,Phoenix Suns,92
Tue Nov 7 2017,Milwaukee Bucks,119,Cleveland Cavaliers,124
Tue Nov 7 2017,Brooklyn Nets,104,Denver Nuggets,112
Tue Nov 7 2017,New Orleans Pelicans,117,Indiana Pacers,112
Tue Nov 7 2017,Charlotte Hornets,113,New York Knicks,118
Tue Nov 7 2017,Memphis Grizzlies,98,Portland Trail Blazers,97
Tue Nov 7 2017,Oklahoma City Thunder,86,Sacramento Kings,94
Tue Nov 7 2017,Los Angeles Clippers,107,San Antonio Spurs,120
Tue Nov 7 2017,Chicago Bulls,114,Toronto Raptors,119
Tue Nov 7 2017,Philadelphia 76ers,104,Utah Jazz,97
Tue Nov 7 2017,Dallas Mavericks,113,Washington Wizards,99
Wed Nov 8 2017,Los Angeles Lakers,96,Boston Celtics,107
Wed Nov 8 2017,Indiana Pacers,97,Detroit Pistons,114
Wed Nov 8 2017,Minnesota Timberwolves,101,Golden State Warriors,125
Wed Nov 8 2017,New York Knicks,99,Orlando Magic,112
Wed Nov 8 2017,Miami Heat,126,Phoenix Suns,115
Thu Nov 9 2017,Oklahoma City Thunder,94,Denver Nuggets,102
Thu Nov 9 2017,Cleveland Cavaliers,113,Houston Rockets,117
Thu Nov 9 2017,Philadelphia 76ers,108,Sacramento Kings,109
Thu Nov 9 2017,New Orleans Pelicans,118,Toronto Raptors,122
Thu Nov 9 2017,Los Angeles Lakers,95,Washington Wizards,111
Fri Nov 10 2017,Charlotte Hornets,87,Boston Celtics,90
Fri Nov 10 2017,Indiana Pacers,105,Chicago Bulls,87
Fri Nov 10 2017,Atlanta Hawks,104,Detroit Pistons,111
Fri Nov 10 2017,Los Angeles Clippers,111,Oklahoma City Thunder,120
Fri Nov 10 2017,Orlando Magic,128,Phoenix Suns,112
Fri Nov 10 2017,Brooklyn Nets,101,Portland Trail Blazers,97
Fri Nov 10 2017,Milwaukee Bucks,94,San Antonio Spurs,87
Fri Nov 10 2017,Miami Heat,84,Utah Jazz,74
Sat Nov 11 2017,Cleveland Cavaliers,111,Dallas Mavericks,104
Sat Nov 11 2017,Orlando Magic,107,Denver Nuggets,125
Sat Nov 11 2017,Philadelphia 76ers,114,Golden State Warriors,135
Sat Nov 11 2017,Memphis Grizzlies,96,Houston Rockets,111
Sat Nov 11 2017,Los Angeles Lakers,90,Milwaukee Bucks,98
Sat Nov 11 2017,Los Angeles Clippers,103,New Orleans Pelicans,111
Sat Nov 11 2017,Sacramento Kings,91,New York Knicks,118
Sat Nov 11 2017,Minnesota Timberwolves,110,Phoenix Suns,118
Sat Nov 11 2017,Chicago Bulls,94,San Antonio Spurs,133
Sat Nov 11 2017,Brooklyn Nets,106,Utah Jazz,114
Sat Nov 11 2017,Atlanta Hawks,94,Washington Wizards,113
Sun Nov 12 2017,Toronto Raptors,94,Boston Celtics,95
Sun Nov 12 2017,Miami Heat,103,Detroit Pistons,112
Sun Nov 12 2017,Houston Rockets,118,Indiana Pacers,95
Sun Nov 12 2017,Dallas Mavericks,99,Oklahoma City Thunder,112
Mon Nov 13 2017,Orlando Magic,100,Golden State Warriors,110
Mon Nov 13 2017,Philadelphia 76ers,109,Los Angeles Clippers,105
Mon Nov 13 2017,Memphis Grizzlies,103,Milwaukee Bucks,110
Mon Nov 13 2017,Atlanta Hawks,105,New Orleans Pelicans,106
Mon Nov 13 2017,Cleveland Cavaliers,104,New York Knicks,101
Mon Nov 13 2017,Los Angeles Lakers,100,Phoenix Suns,93
Mon Nov 13 2017,Denver Nuggets,82,Portland Trail Blazers,99
Mon Nov 13 2017,Minnesota Timberwolves,109,Utah Jazz,98
Mon Nov 13 2017,Sacramento Kings,92,Washington Wizards,110
Tue Nov 14 2017,Boston Celtics,109,Brooklyn Nets,102
Tue Nov 14 2017,San Antonio Spurs,97,Dallas Mavericks,91
Tue Nov 14 2017,Toronto Raptors,129,Houston Rockets,113
Wed Nov 15 2017,Sacramento Kings,80,Atlanta Hawks,126
Wed Nov 15 2017,Cleveland Cavaliers,115,Charlotte Hornets,107
Wed Nov 15 2017,Philadelphia 76ers,115,Los Angeles Lakers,109
Wed Nov 15 2017,Indiana Pacers,116,Memphis Grizzlies,113
Wed Nov 15 2017,Washington Wizards,102,Miami Heat,93
Wed Nov 15 2017,Detroit Pistons,95,Milwaukee Bucks,99
Wed Nov 15 2017,San Antonio Spurs,86,Minnesota Timberwolves,98
Wed Nov 15 2017,Toronto Raptors,125,New Orleans Pelicans,116
Wed Nov 15 2017,Utah Jazz,101,New York Knicks,106
Wed Nov 15 2017,Chicago Bulls,79,Oklahoma City Thunder,92
Wed Nov 15 2017,Orlando Magic,94,Portland Trail Blazers,99
Thu Nov 16 2017,Golden State Warriors,88,Boston Celtics,92
Thu Nov 16 2017,Houston Rockets,142,Phoenix Suns,116
Fri Nov 17 2017,Utah Jazz,107,Brooklyn Nets,118
Fri Nov 17 2017,Charlotte Hornets,120,Chicago Bulls,123
Fri Nov 17 2017,Los Angeles Clippers,113,Cleveland Cavaliers,118
Fri Nov 17 2017,Minnesota Timberwolves,111,Dallas Mavericks,87
Fri Nov 17 2017,New Orleans Pelicans,114,Denver Nuggets,146
Fri Nov 17 2017,Detroit Pistons,100,Indiana Pacers,107
Fri Nov 17 2017,Phoenix Suns,122,Los Angeles Lakers,113
Fri Nov 17 2017,Portland Trail Blazers,82,Sacramento Kings,86
Fri Nov 17 2017,Oklahoma City Thunder,101,San Antonio Spurs,104
Fri Nov 17 2017,New York Knicks,84,Toronto Raptors,107
Fri Nov 17 2017,Miami Heat,91,Washington Wizards,88
Sat Nov 18 2017,Boston Celtics,110,Atlanta Hawks,99
Sat Nov 18 2017,Los Angeles Clippers,87,Charlotte Hornets,102
Sat Nov 18 2017,Milwaukee Bucks,79,Dallas Mavericks,111
Sat Nov 18 2017,Houston Rockets,105,Memphis Grizzlies,83
Sat Nov 18 2017,Utah Jazz,125,Orlando Magic,85
Sat Nov 18 2017,Golden State Warriors,124,Philadelphia 76ers,116
Sat Nov 18 2017,Sacramento Kings,90,Portland Trail Blazers,102
Sun Nov 19 2017,Golden State Warriors,118,Brooklyn Nets,111
Sun Nov 19 2017,Denver Nuggets,109,Los Angeles Lakers,127
Sun Nov 19 2017,Indiana Pacers,120,Miami Heat,95
Sun Nov 19 2017,Detroit Pistons,100,Minnesota Timberwolves,97
Sun Nov 19 2017,Chicago Bulls,105,Phoenix Suns,113
Sun Nov 19 2017,Washington Wizards,91,Toronto Raptors,100
Mon Nov 20 2017,Minnesota Timberwolves,102,Charlotte Hornets,118
Mon Nov 20 2017,Boston Celtics,110,Dallas Mavericks,102
Mon Nov 20 2017,Cleveland Cavaliers,116,Detroit Pistons,88
Mon Nov 20 2017,Portland Trail Blazers,100,Memphis Grizzlies,92
Mon Nov 20 2017,Washington Wizards,99,Milwaukee Bucks,88
Mon Nov 20 2017,Oklahoma City Thunder,107,New Orleans Pelicans,114
Mon Nov 20 2017,Los Angeles Clippers,85,New York Knicks,107
Mon Nov 20 2017,Indiana Pacers,105,Orlando Magic,97
Mon Nov 20 2017,Utah Jazz,86,Philadelphia 76ers,107
Mon Nov 20 2017,Denver Nuggets,114,Sacramento Kings,98
Mon Nov 20 2017,Atlanta Hawks,85,San Antonio Spurs,96
Tue Nov 21 2017,Chicago Bulls,94,Los Angeles Lakers,103
Wed Nov 22 2017,Los Angeles Clippers,116,Atlanta Hawks,103
Wed Nov 22 2017,Washington Wizards,124,Charlotte Hornets,129
Wed Nov 22 2017,Brooklyn Nets,109,Cleveland Cavaliers,119
Wed Nov 22 2017,Denver Nuggets,95,Houston Rockets,125
Wed Nov 22 2017,Dallas Mavericks,95,Memphis Grizzlies,94
Wed Nov 22 2017,Boston Celtics,98,Miami Heat,104
Wed Nov 22 2017,Orlando Magic,118,Minnesota Timberwolves,124
Wed Nov 22 2017,San Antonio Spurs,90,New Orleans Pelicans,107
Wed Nov 22 2017,Toronto Raptors,100,New York Knicks,108
Wed Nov 22 2017,Golden State Warriors,91,Oklahoma City Thunder,108
Wed Nov 22 2017,Portland Trail Blazers,81,Philadelphia 76ers,101
Wed Nov 22 2017,Milwaukee Bucks,113,Phoenix Suns,107
Wed Nov 22 2017,Los Angeles Lakers,102,Sacramento Kings,113
Wed Nov 22 2017,Chicago Bulls,80,Utah Jazz,110
Fri Nov 24 2017,New York Knicks,104,Atlanta Hawks,116
Fri Nov 24 2017,Orlando Magic,103,Boston Celtics,118
Fri Nov 24 2017,Portland Trail Blazers,127,Brooklyn Nets,125
Fri Nov 24 2017,Charlotte Hornets,99,Cleveland Cavaliers,100
Fri Nov 24 2017,Memphis Grizzlies,92,Denver Nuggets,104
Fri Nov 24 2017,Chicago Bulls,94,Golden State Warriors,143
Fri Nov 24 2017,Toronto Raptors,104,Indiana Pacers,107
Fri Nov 24 2017,Miami Heat,109,Minnesota Timberwolves,97
Fri Nov 24 2017,Detroit Pistons,99,Oklahoma City Thunder,98
Fri Nov 24 2017,New Orleans Pelicans,115,Phoenix Suns,91
Sat Nov 25 2017,Toronto Raptors,112,Atlanta Hawks,78
Sat Nov 25 2017,San Antonio Spurs,106,Charlotte Hornets,86
Sat Nov 25 2017,Oklahoma City Thunder,81,Dallas Mavericks,97
Sat Nov 25 2017,New Orleans Pelicans,95,Golden State Warriors,110
Sat Nov 25 2017,New York Knicks,102,Houston Rockets,117
Sat Nov 25 2017,Boston Celtics,108,Indiana Pacers,98
Sat Nov 25 2017,Orlando Magic,111,Philadelphia 76ers,130
Sat Nov 25 2017,Los Angeles Clippers,97,Sacramento Kings,95
Sat Nov 25 2017,Milwaukee Bucks,108,Utah Jazz,121
Sat Nov 25 2017,Portland Trail Blazers,108,Washington Wizards,105
Sun Nov 26 2017,Miami Heat,100,Chicago Bulls,93
Sun Nov 26 2017,Brooklyn Nets,98,Memphis Grizzlies,88
Sun Nov 26 2017,Phoenix Suns,108,Minnesota Timberwolves,119
Mon Nov 27 2017,Detroit Pistons,118,Boston Celtics,108
Mon Nov 27 2017,Sacramento Kings,110,Golden State Warriors,106
Mon Nov 27 2017,Brooklyn Nets,103,Houston Rockets,117
Mon Nov 27 2017,Orlando Magic,109,Indiana Pacers,121
Mon Nov 27 2017,Los Angeles Lakers,115,Los Angeles Clippers,120
Mon Nov 27 2017,Portland Trail Blazers,103,New York Knicks,91
Mon Nov 27 2017,Cleveland Cavaliers,113,Philadelphia 76ers,91
Mon Nov 27 2017,Dallas Mavericks,108,San Antonio Spurs,115
Tue Nov 28 2017,Phoenix Suns,104,Chicago Bulls,99
Tue Nov 28 2017,Miami Heat,97,Cleveland Cavaliers,108
Tue Nov 28 2017,Washington Wizards,92,Minnesota Timberwolves,89
Tue Nov 28 2017,Milwaukee Bucks,112,Sacramento Kings,87
Tue Nov 28 2017,Denver Nuggets,77,Utah Jazz,106
Wed Nov 29 2017,Brooklyn Nets,109,Dallas Mavericks,104
Wed Nov 29 2017,Phoenix Suns,107,Detroit Pistons,131
Wed Nov 29 2017,Indiana Pacers,97,Houston Rockets,118
Wed Nov 29 2017,Golden State Warriors,127,Los Angeles Lakers,123
Wed Nov 29 2017,Minnesota Timberwolves,120,New Orleans Pelicans,102
Wed Nov 29 2017,Miami Heat,86,New York Knicks,115
Wed Nov 29 2017,Oklahoma City Thunder,108,Orlando Magic,121
Wed Nov 29 2017,Washington Wizards,113,Philadelphia 76ers,118
Wed Nov 29 2017,Memphis Grizzlies,95,San Antonio Spurs,104
Wed Nov 29 2017,Charlotte Hornets,113,Toronto Raptors,126
Thu Nov 30 2017,Cleveland Cavaliers,121,Atlanta Hawks,114
Thu Nov 30 2017,Philadelphia 76ers,97,Boston Celtics,108
Thu Nov 30 2017,Chicago Bulls,110,Denver Nuggets,111
Thu Nov 30 2017,Utah Jazz,126,Los Angeles Clippers,107
Thu Nov 30 2017,Milwaukee Bucks,103,Portland Trail Blazers,91
Fri Dec 1 2017,Sacramento Kings,107,Chicago Bulls,106
Fri Dec 1 2017,San Antonio Spurs,95,Memphis Grizzlies,79
Fri Dec 1 2017,Charlotte Hornets,100,Miami Heat,105
Fri Dec 1 2017,Minnesota Timberwolves,107,Oklahoma City Thunder,111
Fri Dec 1 2017,Golden State Warriors,133,Orlando Magic,112
Fri Dec 1 2017,Indiana Pacers,115,Toronto Raptors,120
Fri Dec 1 2017,New Orleans Pelicans,108,Utah Jazz,114
Fri Dec 1 2017,Detroit Pistons,91,Washington Wizards,109
Sat Dec 2 2017,Phoenix Suns,111,Boston Celtics,116
Sat Dec 2 2017,Atlanta Hawks,114,Brooklyn Nets,102
Sat Dec 2 2017,Memphis Grizzlies,111,Cleveland Cavaliers,116
Sat Dec 2 2017,Los Angeles Clippers,82,Dallas Mavericks,108
Sat Dec 2 2017,Los Angeles Lakers,100,Denver Nuggets,115
Sat Dec 2 2017,Sacramento Kings,104,Milwaukee Bucks,109
Sat Dec 2 2017,Detroit Pistons,103,Philadelphia 76ers,108
Sat Dec 2 2017,New Orleans Pelicans,123,Portland Trail Blazers,116
Sun Dec 3 2017,Houston Rockets,118,Los Angeles Lakers,95
Sun Dec 3 2017,Golden State Warriors,123,Miami Heat,95
Sun Dec 3 2017,Los Angeles Clippers,106,Minnesota Timberwolves,112
Sun Dec 3 2017,Orlando Magic,105,New York Knicks,100
Sun Dec 3 2017,San Antonio Spurs,87,Oklahoma City Thunder,90
Mon Dec 4 2017,Brooklyn Nets,110,Atlanta Hawks,90
Mon Dec 4 2017,Milwaukee Bucks,100,Boston Celtics,111
Mon Dec 4 2017,Cleveland Cavaliers,113,Chicago Bulls,91
Mon Dec 4 2017,Orlando Magic,94,Charlotte Hornets,104
Mon Dec 4 2017,Denver Nuggets,105,Dallas Mavericks,122
Mon Dec 4 2017,New York Knicks,97,Indiana Pacers,115
Mon Dec 4 2017,Minnesota Timberwolves,92,Memphis Grizzlies,95
Mon Dec 4 2017,Golden State Warriors,125,New Orleans Pelicans,115
Mon Dec 4 2017,Phoenix Suns,115,Philadelphia 76ers,101
Mon Dec 4 2017,Detroit Pistons,93,San Antonio Spurs,96
Mon Dec 4 2017,Washington Wizards,69,Utah Jazz,116
Tue Dec 5 2017,Utah Jazz,94,Oklahoma City Thunder,100
Tue Dec 5 2017,Washington Wizards,106,Portland Trail Blazers,92
Tue Dec 5 2017,Phoenix Suns,113,Toronto Raptors,126
Wed Dec 6 2017,Dallas Mavericks,90,Boston Celtics,97
Wed Dec 6 2017,Golden State Warriors,101,Charlotte Hornets,87
Wed Dec 6 2017,Sacramento Kings,95,Cleveland Cavaliers,101
Wed Dec 6 2017,Chicago Bulls,96,Indiana Pacers,98
Wed Dec 6 2017,Minnesota Timberwolves,113,Los Angeles Clippers,107
Wed Dec 6 2017,Detroit Pistons,100,Milwaukee Bucks,104
Wed Dec 6 2017,Denver Nuggets,114,New Orleans Pelicans,123
Wed Dec 6 2017,Memphis Grizzlies,88,New York Knicks,99
Wed Dec 6 2017,Atlanta Hawks,106,Orlando Magic,110
Wed Dec 6 2017,Miami Heat,105,San Antonio Spurs,117
Thu Dec 7 2017,Oklahoma City Thunder,95,Brooklyn Nets,100
Thu Dec 7 2017,Los Angeles Lakers,107,Philadelphia 76ers,104
Thu Dec 7 2017,Washington Wizards,109,Phoenix Suns,99
Thu Dec 7 2017,Houston Rockets,112,Utah Jazz,101
Fri Dec 8 2017,Chicago Bulls,119,Charlotte Hornets,111
Fri Dec 8 2017,Golden State Warriors,102,Detroit Pistons,98
Fri Dec 8 2017,Cleveland Cavaliers,102,Indiana Pacers,106
Fri Dec 8 2017,Toronto Raptors,116,Memphis Grizzlies,107
Fri Dec 8 2017,Dallas Mavericks,102,Milwaukee Bucks,109
Fri Dec 8 2017,Sacramento Kings,116,New Orleans Pelicans,109
Fri Dec 8 2017,Denver Nuggets,103,Orlando Magic,89
Fri Dec 8 2017,Boston Celtics,102,San Antonio Spurs,105
Sat Dec 9 2017,Orlando Magic,110,Atlanta Hawks,117
Sat Dec 9 2017,Miami Heat,101,Brooklyn Nets,89
Sat Dec 9 2017,New York Knicks,102,Chicago Bulls,104
Sat Dec 9 2017,Los Angeles Lakers,110,Charlotte Hornets,99
Sat Dec 9 2017,Philadelphia 76ers,98,Cleveland Cavaliers,105
Sat Dec 9 2017,Washington Wizards,112,Los Angeles Clippers,113
Sat Dec 9 2017,Oklahoma City Thunder,102,Memphis Grizzlies,101
Sat Dec 9 2017,Utah Jazz,100,Milwaukee Bucks,117
Sat Dec 9 2017,San Antonio Spurs,104,Phoenix Suns,101
Sat Dec 9 2017,Houston Rockets,124,Portland Trail Blazers,117
Sun Dec 10 2017,Boston Celtics,91,Detroit Pistons,81
Sun Dec 10 2017,Denver Nuggets,116,Indiana Pacers,126
Sun Dec 10 2017,Dallas Mavericks,92,Minnesota Timberwolves,97
Sun Dec 10 2017,Philadelphia 76ers,124,New Orleans Pelicans,131
Sun Dec 10 2017,Atlanta Hawks,107,New York Knicks,111
Sun Dec 10 2017,Toronto Raptors,102,Sacramento Kings,87
Mon Dec 11 2017,Boston Celtics,85,Chicago Bulls,108
Mon Dec 11 2017,Portland Trail Blazers,104,Golden State Warriors,111
Mon Dec 11 2017,New Orleans Pelicans,123,Houston Rockets,130
Mon Dec 11 2017,Toronto Raptors,91,Los Angeles Clippers,96
Mon Dec 11 2017,Miami Heat,107,Memphis Grizzlies,82
Mon Dec 11 2017,Charlotte Hornets,116,Oklahoma City Thunder,103
Tue Dec 12 2017,Washington Wizards,98,Brooklyn Nets,103
Tue Dec 12 2017,Atlanta Hawks,114,Cleveland Cavaliers,123
Tue Dec 12 2017,San Antonio Spurs,89,Dallas Mavericks,95
Tue Dec 12 2017,Denver Nuggets,103,Detroit Pistons,84
Tue Dec 12 2017,Philadelphia 76ers,118,Minnesota Timberwolves,112
Tue Dec 12 2017,Los Angeles Lakers,109,New York Knicks,113
Tue Dec 12 2017,Phoenix Suns,92,Sacramento Kings,99
Wed Dec 13 2017,Denver Nuggets,118,Boston Celtics,124
Wed Dec 13 2017,Utah Jazz,100,Chicago Bulls,103
Wed Dec 13 2017,Charlotte Hornets,96,Houston Rockets,108
Wed Dec 13 2017,Oklahoma City Thunder,100,Indiana Pacers,95
Wed Dec 13 2017,Portland Trail Blazers,102,Miami Heat,95
Wed Dec 13 2017,Milwaukee Bucks,108,New Orleans Pelicans,115
Wed Dec 13 2017,Los Angeles Clippers,106,Orlando Magic,95
Wed Dec 13 2017,Toronto Raptors,115,Phoenix Suns,109
Wed Dec 13 2017,Memphis Grizzlies,87,Washington Wizards,93
Thu Dec 14 2017,Detroit Pistons,105,Atlanta Hawks,91
Thu Dec 14 2017,New York Knicks,111,Brooklyn Nets,104
Thu Dec 14 2017,Los Angeles Lakers,112,Cleveland Cavaliers,121
Thu Dec 14 2017,Dallas Mavericks,97,Golden State Warriors,112
Thu Dec 14 2017,Sacramento Kings,96,Minnesota Timberwolves,119
Fri Dec 15 2017,Utah Jazz,107,Boston Celtics,95
Fri Dec 15 2017,Miami Heat,104,Charlotte Hornets,98
Fri Dec 15 2017,New Orleans Pelicans,111,Denver Nuggets,117
Fri Dec 15 2017,San Antonio Spurs,109,Houston Rockets,124
Fri Dec 15 2017,Detroit Pistons,104,Indiana Pacers,98
Fri Dec 15 2017,Atlanta Hawks,94,Memphis Grizzlies,96
Fri Dec 15 2017,Chicago Bulls,115,Milwaukee Bucks,109
Fri Dec 15 2017,Portland Trail Blazers,95,Orlando Magic,88
Fri Dec 15 2017,Oklahoma City Thunder,119,Philadelphia 76ers,117
Fri Dec 15 2017,Brooklyn Nets,87,Toronto Raptors,120
Fri Dec 15 2017,Los Angeles Clippers,91,Washington Wizards,100
Sat Dec 16 2017,Portland Trail Blazers,93,Charlotte Hornets,91
Sat Dec 16 2017,Utah Jazz,100,Cleveland Cavaliers,109
Sat Dec 16 2017,Milwaukee Bucks,111,Houston Rockets,115
Sat Dec 16 2017,Boston Celtics,102,Memphis Grizzlies,93
Sat Dec 16 2017,Los Angeles Clippers,85,Miami Heat,90
Sat Dec 16 2017,Phoenix Suns,108,Minnesota Timberwolves,106
Sat Dec 16 2017,Oklahoma City Thunder,96,New York Knicks,111
Sat Dec 16 2017,Dallas Mavericks,96,San Antonio Spurs,98
Sun Dec 17 2017,Indiana Pacers,109,Brooklyn Nets,97
Sun Dec 17 2017,Orlando Magic,110,Detroit Pistons,114
Sun Dec 17 2017,Sacramento Kings,93,Toronto Raptors,108
Sun Dec 17 2017,Cleveland Cavaliers,106,Washington Wizards,99
Mon Dec 18 2017,Miami Heat,104,Atlanta Hawks,110
Mon Dec 18 2017,Philadelphia 76ers,115,Chicago Bulls,117
Mon Dec 18 2017,New York Knicks,91,Charlotte Hornets,109
Mon Dec 18 2017,Phoenix Suns,97,Dallas Mavericks,91
Mon Dec 18 2017,Utah Jazz,99,Houston Rockets,120
Mon Dec 18 2017,Boston Celtics,112,Indiana Pacers,111
Mon Dec 18 2017,Golden State Warriors,116,Los Angeles Lakers,114
Mon Dec 18 2017,Portland Trail Blazers,107,Minnesota Timberwolves,108
Mon Dec 18 2017,Denver Nuggets,94,Oklahoma City Thunder,95
Mon Dec 18 2017,Los Angeles Clippers,91,San Antonio Spurs,109
Tue Dec 19 2017,Cleveland Cavaliers,116,Milwaukee Bucks,119
Tue Dec 19 2017,Sacramento Kings,101,Philadelphia 76ers,95
Tue Dec 19 2017,New Orleans Pelicans,106,Washington Wizards,116
Wed Dec 20 2017,Indiana Pacers,105,Atlanta Hawks,95
Wed Dec 20 2017,Miami Heat,90,Boston Celtics,89
Wed Dec 20 2017,Sacramento Kings,104,Brooklyn Nets,99
Wed Dec 20 2017,Orlando Magic,94,Chicago Bulls,112
Wed Dec 20 2017,Toronto Raptors,129,Charlotte Hornets,111
Wed Dec 20 2017,Detroit Pistons,93,Dallas Mavericks,110
Wed Dec 20 2017,Minnesota Timberwolves,112,Denver Nuggets,104
Wed Dec 20 2017,Memphis Grizzlies,84,Golden State Warriors,97
Wed Dec 20 2017,Los Angeles Lakers,122,Houston Rockets,116
Wed Dec 20 2017,Phoenix Suns,95,Los Angeles Clippers,108
Wed Dec 20 2017,Utah Jazz,79,Oklahoma City Thunder,107
Wed Dec 20 2017,San Antonio Spurs,93,Portland Trail Blazers,91
Thu Dec 21 2017,Chicago Bulls,112,Cleveland Cavaliers,115
Thu Dec 21 2017,Boston Celtics,93,New York Knicks,102
Thu Dec 21 2017,Toronto Raptors,114,Philadelphia 76ers,109
Thu Dec 21 2017,Memphis Grizzlies,95,Phoenix Suns,97
Thu Dec 21 2017,San Antonio Spurs,89,Utah Jazz,100
Fri Dec 22 2017,Washington Wizards,84,Brooklyn Nets,119
Fri Dec 22 2017,New York Knicks,101,Detroit Pistons,104
Fri Dec 22 2017,Los Angeles Lakers,106,Golden State Warriors,113
Fri Dec 22 2017,Los Angeles Clippers,128,Houston Rockets,118
Fri Dec 22 2017,Dallas Mavericks,101,Miami Heat,113
Fri Dec 22 2017,Charlotte Hornets,104,Milwaukee Bucks,109
Fri Dec 22 2017,Atlanta Hawks,117,Oklahoma City Thunder,120
Fri Dec 22 2017,New Orleans Pelicans,111,Orlando Magic,97
Fri Dec 22 2017,Denver Nuggets,102,Portland Trail Blazers,85
Sat Dec 23 2017,Dallas Mavericks,107,Atlanta Hawks,112
Sat Dec 23 2017,Chicago Bulls,92,Boston Celtics,117
Sat Dec 23 2017,Milwaukee Bucks,106,Charlotte Hornets,111
Sat Dec 23 2017,Denver Nuggets,96,Golden State Warriors,81
Sat Dec 23 2017,Brooklyn Nets,119,Indiana Pacers,123
Sat Dec 23 2017,Portland Trail Blazers,95,Los Angeles Lakers,92
Sat Dec 23 2017,Los Angeles Clippers,112,Memphis Grizzlies,115
Sat Dec 23 2017,New Orleans Pelicans,109,Miami Heat,94
Sat Dec 23 2017,Minnesota Timberwolves,115,Phoenix Suns,106
Sat Dec 23 2017,San Antonio Spurs,108,Sacramento Kings,99
Sat Dec 23 2017,Philadelphia 76ers,86,Toronto Raptors,102
Sat Dec 23 2017,Oklahoma City Thunder,103,Utah Jazz,89
Sat Dec 23 2017,Orlando Magic,103,Washington Wizards,130
Mon Dec 25 2017,Washington Wizards,111,Boston Celtics,103
Mon Dec 25 2017,Cleveland Cavaliers,92,Golden State Warriors,99
Mon Dec 25 2017,Minnesota Timberwolves,121,Los Angeles Lakers,104
Mon Dec 25 2017,Philadelphia 76ers,105,New York Knicks,98
Mon Dec 25 2017,Houston Rockets,107,Oklahoma City Thunder,112
Tue Dec 26 2017,Toronto Raptors,93,Dallas Mavericks,98
Tue Dec 26 2017,Utah Jazz,83,Denver Nuggets,107
Tue Dec 26 2017,Indiana Pacers,83,Detroit Pistons,107
Tue Dec 26 2017,Sacramento Kings,95,Los Angeles Clippers,122
Tue Dec 26 2017,Orlando Magic,89,Miami Heat,107
Tue Dec 26 2017,Chicago Bulls,115,Milwaukee Bucks,106
Tue Dec 26 2017,Memphis Grizzlies,97,Phoenix Suns,99
Tue Dec 26 2017,Brooklyn Nets,97,San Antonio Spurs,109
Wed Dec 27 2017,Washington Wizards,99,Atlanta Hawks,113
Wed Dec 27 2017,New York Knicks,87,Chicago Bulls,92
Wed Dec 27 2017,Boston Celtics,102,Charlotte Hornets,91
Wed Dec 27 2017,Utah Jazz,101,Golden State Warriors,126
Wed Dec 27 2017,Dallas Mavericks,98,Indiana Pacers,94
Wed Dec 27 2017,Memphis Grizzlies,109,Los Angeles Lakers,99
Wed Dec 27 2017,Denver Nuggets,125,Minnesota Timberwolves,128
Wed Dec 27 2017,Brooklyn Nets,113,New Orleans Pelicans,128
Wed Dec 27 2017,Toronto Raptors,107,Oklahoma City Thunder,124
Wed Dec 27 2017,Cleveland Cavaliers,95,Sacramento Kings,109
Thu Dec 28 2017,Houston Rockets,98,Boston Celtics,99
Thu Dec 28 2017,Minnesota Timberwolves,96,Milwaukee Bucks,102
Thu Dec 28 2017,Detroit Pistons,89,Orlando Magic,102
Thu Dec 28 2017,Philadelphia 76ers,110,Portland Trail Blazers,114
Thu Dec 28 2017,New York Knicks,107,San Antonio Spurs,119
Fri Dec 29 2017,Indiana Pacers,107,Chicago Bulls,119
Fri Dec 29 2017,Charlotte Hornets,111,Golden State Warriors,100
Fri Dec 29 2017,Los Angeles Clippers,121,Los Angeles Lakers,106
Fri Dec 29 2017,Brooklyn Nets,111,Miami Heat,87
Fri Dec 29 2017,Dallas Mavericks,128,New Orleans Pelicans,120
Fri Dec 29 2017,Milwaukee Bucks,97,Oklahoma City Thunder,95
Fri Dec 29 2017,Phoenix Suns,111,Sacramento Kings,101
Fri Dec 29 2017,Atlanta Hawks,98,Toronto Raptors,111
Fri Dec 29 2017,Houston Rockets,103,Washington Wizards,121
Sat Dec 30 2017,Portland Trail Blazers,89,Atlanta Hawks,104
Sat Dec 30 2017,Philadelphia 76ers,107,Denver Nuggets,102
Sat Dec 30 2017,San Antonio Spurs,79,Detroit Pistons,93
Sat Dec 30 2017,Memphis Grizzlies,128,Golden State Warriors,141
Sat Dec 30 2017,New York Knicks,105,New Orleans Pelicans,103
Sat Dec 30 2017,Miami Heat,117,Orlando Magic,111
Sat Dec 30 2017,Cleveland Cavaliers,101,Utah Jazz,104
Sun Dec 31 2017,Brooklyn Nets,105,Boston Celtics,108
Sun Dec 31 2017,Los Angeles Lakers,142,Houston Rockets,148
Sun Dec 31 2017,Minnesota Timberwolves,107,Indiana Pacers,90
Sun Dec 31 2017,Charlotte Hornets,98,Los Angeles Clippers,106
Sun Dec 31 2017,Dallas Mavericks,116,Oklahoma City Thunder,113
Sun Dec 31 2017,Philadelphia 76ers,123,Phoenix Suns,110
Sun Dec 31 2017,Memphis Grizzlies,114,Sacramento Kings,96
Sun Dec 31 2017,Chicago Bulls,110,Washington Wizards,114
Mon Jan 1 2018,Orlando Magic,95,Brooklyn Nets,98
Mon Jan 1 2018,Portland Trail Blazers,124,Chicago Bulls,120
Mon Jan 1 2018,Los Angeles Lakers,96,Minnesota Timberwolves,114
Mon Jan 1 2018,Milwaukee Bucks,127,Toronto Raptors,131
Tue Jan 2 2018,Portland Trail Blazers,110,Cleveland Cavaliers,127
Tue Jan 2 2018,Memphis Grizzlies,105,Los Angeles Clippers,113
Tue Jan 2 2018,San Antonio Spurs,100,New York Knicks,91
Tue Jan 2 2018,Atlanta Hawks,103,Phoenix Suns,104
Tue Jan 2 2018,Charlotte Hornets,131,Sacramento Kings,111
Wed Jan 3 2018,Cleveland Cavaliers,88,Boston Celtics,102
Wed Jan 3 2018,Minnesota Timberwolves,97,Brooklyn Nets,98
Wed Jan 3 2018,Toronto Raptors,124,Chicago Bulls,115
Wed Jan 3 2018,Golden State Warriors,125,Dallas Mavericks,122
Wed Jan 3 2018,Phoenix Suns,111,Denver Nuggets,134
Wed Jan 3 2018,Oklahoma City Thunder,133,Los Angeles Lakers,96
Wed Jan 3 2018,Detroit Pistons,104,Miami Heat,111
Wed Jan 3 2018,Indiana Pacers,101,Milwaukee Bucks,122
Wed Jan 3 2018,Houston Rockets,116,Orlando Magic,98
Wed Jan 3 2018,San Antonio Spurs,106,Philadelphia 76ers,112
Wed Jan 3 2018,New Orleans Pelicans,108,Utah Jazz,98
Wed Jan 3 2018,New York Knicks,103,Washington Wizards,121
Thu Jan 4 2018,Golden State Warriors,124,Houston Rockets,114
Thu Jan 4 2018,Oklahoma City Thunder,127,Los Angeles Clippers,117
Fri Jan 5 2018,Minnesota Timberwolves,84,Boston Celtics,91
Fri Jan 5 2018,Chicago Bulls,127,Dallas Mavericks,124
Fri Jan 5 2018,Utah Jazz,91,Denver Nuggets,99
Fri Jan 5 2018,Charlotte Hornets,108,Los Angeles Lakers,94
Fri Jan 5 2018,Washington Wizards,102,Memphis Grizzlies,100
Fri Jan 5 2018,New York Knicks,103,Miami Heat,107
Fri Jan 5 2018,Toronto Raptors,129,Milwaukee Bucks,110
Fri Jan 5 2018,Detroit Pistons,78,Philadelphia 76ers,114
Fri Jan 5 2018,Atlanta Hawks,89,Portland Trail Blazers,110
Fri Jan 5 2018,Phoenix Suns,89,San Antonio Spurs,103
Sat Jan 6 2018,Boston Celtics,87,Brooklyn Nets,85
Sat Jan 6 2018,Houston Rockets,101,Detroit Pistons,108
Sat Jan 6 2018,Chicago Bulls,86,Indiana Pacers,125
Sat Jan 6 2018,Golden State Warriors,121,Los Angeles Clippers,105
Sat Jan 6 2018,New Orleans Pelicans,98,Minnesota Timberwolves,116
Sat Jan 6 2018,Cleveland Cavaliers,131,Orlando Magic,127
Sat Jan 6 2018,Denver Nuggets,98,Sacramento Kings,106
Sat Jan 6 2018,Milwaukee Bucks,110,Washington Wizards,103
Sun Jan 7 2018,New York Knicks,100,Dallas Mavericks,96
Sun Jan 7 2018,Atlanta Hawks,113,Los Angeles Lakers,132
Sun Jan 7 2018,Utah Jazz,102,Miami Heat,103
Sun Jan 7 2018,Oklahoma City Thunder,100,Phoenix Suns,114
Sun Jan 7 2018,San Antonio Spurs,110,Portland Trail Blazers,111
Mon Jan 8 2018,Toronto Raptors,114,Brooklyn Nets,113
Mon Jan 8 2018,Houston Rockets,116,Chicago Bulls,107
Mon Jan 8 2018,Denver Nuggets,114,Golden State Warriors,124
Mon Jan 8 2018,Milwaukee Bucks,96,Indiana Pacers,109
Mon Jan 8 2018,Atlanta Hawks,107,Los Angeles Clippers,108
Mon Jan 8 2018,Cleveland Cavaliers,99,Minnesota Timberwolves,127
Mon Jan 8 2018,Detroit Pistons,109,New Orleans Pelicans,112
Mon Jan 8 2018,San Antonio Spurs,107,Sacramento Kings,100
Tue Jan 9 2018,Orlando Magic,99,Dallas Mavericks,114
Tue Jan 9 2018,Sacramento Kings,86,Los Angeles Lakers,99
Tue Jan 9 2018,Portland Trail Blazers,117,Oklahoma City Thunder,106
Tue Jan 9 2018,Miami Heat,90,Toronto Raptors,89
Wed Jan 10 2018,Detroit Pistons,114,Brooklyn Nets,80
Wed Jan 10 2018,Dallas Mavericks,115,Charlotte Hornets,111
Wed Jan 10 2018,Atlanta Hawks,110,Denver Nuggets,97
Wed Jan 10 2018,Los Angeles Clippers,125,Golden State Warriors,106
Wed Jan 10 2018,Portland Trail Blazers,112,Houston Rockets,121
Wed Jan 10 2018,Miami Heat,114,Indiana Pacers,106
Wed Jan 10 2018,New Orleans Pelicans,102,Memphis Grizzlies,105
Wed Jan 10 2018,Orlando Magic,103,Milwaukee Bucks,110
Wed Jan 10 2018,Oklahoma City Thunder,88,Minnesota Timberwolves,104
Wed Jan 10 2018,Chicago Bulls,122,New York Knicks,119
Wed Jan 10 2018,Utah Jazz,107,Washington Wizards,104
Thu Jan 11 2018,San Antonio Spurs,81,Los Angeles Lakers,93
Thu Jan 11 2018,Boston Celtics,114,Philadelphia 76ers,103
Thu Jan 11 2018,Los Angeles Clippers,121,Sacramento Kings,115
Thu Jan 11 2018,Cleveland Cavaliers,99,Toronto Raptors,133
Fri Jan 12 2018,Brooklyn Nets,110,Atlanta Hawks,105
Fri Jan 12 2018,Utah Jazz,88,Charlotte Hornets,99
Fri Jan 12 2018,Memphis Grizzlies,78,Denver Nuggets,87
Fri Jan 12 2018,Cleveland Cavaliers,95,Indiana Pacers,97
Fri Jan 12 2018,Golden State Warriors,108,Milwaukee Bucks,94
Fri Jan 12 2018,New York Knicks,108,Minnesota Timberwolves,118
Fri Jan 12 2018,Portland Trail Blazers,113,New Orleans Pelicans,119
Fri Jan 12 2018,Houston Rockets,112,Phoenix Suns,95
Fri Jan 12 2018,Orlando Magic,119,Washington Wizards,125
Sat Jan 13 2018,Detroit Pistons,105,Chicago Bulls,107
Sat Jan 13 2018,Oklahoma City Thunder,101,Charlotte Hornets,91
Sat Jan 13 2018,Los Angeles Lakers,107,Dallas Mavericks,101
Sat Jan 13 2018,Sacramento Kings,105,Los Angeles Clippers,126
Sat Jan 13 2018,Denver Nuggets,80,San Antonio Spurs,112
Sat Jan 13 2018,Golden State Warriors,127,Toronto Raptors,125
Sat Jan 13 2018,Brooklyn Nets,113,Washington Wizards,119
Sun Jan 14 2018,Milwaukee Bucks,79,Miami Heat,97
Sun Jan 14 2018,Portland Trail Blazers,103,Minnesota Timberwolves,120
Sun Jan 14 2018,New Orleans Pelicans,123,New York Knicks,118
Sun Jan 14 2018,Indiana Pacers,120,Phoenix Suns,97
Mon Jan 15 2018,San Antonio Spurs,99,Atlanta Hawks,102
Mon Jan 15 2018,New York Knicks,119,Brooklyn Nets,104
Mon Jan 15 2018,Miami Heat,111,Chicago Bulls,119
Mon Jan 15 2018,Golden State Warriors,118,Cleveland Cavaliers,108
Mon Jan 15 2018,Charlotte Hornets,118,Detroit Pistons,107
Mon Jan 15 2018,Houston Rockets,102,Los Angeles Clippers,113
Mon Jan 15 2018,Los Angeles Lakers,114,Memphis Grizzlies,123
Mon Jan 15 2018,Sacramento Kings,88,Oklahoma City Thunder,95
Mon Jan 15 2018,Toronto Raptors,111,Philadelphia 76ers,117
Mon Jan 15 2018,Indiana Pacers,109,Utah Jazz,94
Mon Jan 15 2018,Milwaukee Bucks,104,Washington Wizards,95
Tue Jan 16 2018,New Orleans Pelicans,116,Boston Celtics,113
Tue Jan 16 2018,Dallas Mavericks,102,Denver Nuggets,105
Tue Jan 16 2018,Minnesota Timberwolves,102,Orlando Magic,108
Tue Jan 16 2018,Phoenix Suns,111,Portland Trail Blazers,118
Wed Jan 17 2018,New Orleans Pelicans,93,Atlanta Hawks,94
Wed Jan 17 2018,San Antonio Spurs,100,Brooklyn Nets,95
Wed Jan 17 2018,Golden State Warriors,119,Chicago Bulls,112
Wed Jan 17 2018,Washington Wizards,109,Charlotte Hornets,133
Wed Jan 17 2018,Denver Nuggets,104,Los Angeles Clippers,109
Wed Jan 17 2018,New York Knicks,99,Memphis Grizzlies,105
Wed Jan 17 2018,Miami Heat,106,Milwaukee Bucks,101
Wed Jan 17 2018,Los Angeles Lakers,90,Oklahoma City Thunder,114
Wed Jan 17 2018,Utah Jazz,120,Sacramento Kings,105
Wed Jan 17 2018,Detroit Pistons,91,Toronto Raptors,96
Thu Jan 18 2018,Philadelphia 76ers,89,Boston Celtics,80
Thu Jan 18 2018,Orlando Magic,103,Cleveland Cavaliers,104
Thu Jan 18 2018,Minnesota Timberwolves,98,Houston Rockets,116
Thu Jan 18 2018,Indiana Pacers,86,Portland Trail Blazers,100
Fri Jan 19 2018,Miami Heat,95,Brooklyn Nets,101
Fri Jan 19 2018,Phoenix Suns,108,Denver Nuggets,100
Fri Jan 19 2018,Washington Wizards,122,Detroit Pistons,112
Fri Jan 19 2018,Indiana Pacers,86,Los Angeles Lakers,99
Fri Jan 19 2018,Sacramento Kings,88,Memphis Grizzlies,106
Fri Jan 19 2018,San Antonio Spurs,83,Toronto Raptors,86
Fri Jan 19 2018,New York Knicks,117,Utah Jazz,115
Sat Jan 20 2018,Chicago Bulls,113,Atlanta Hawks,97
Sat Jan 20 2018,Miami Heat,106,Charlotte Hornets,105
Sat Jan 20 2018,Oklahoma City Thunder,148,Cleveland Cavaliers,124
Sat Jan 20 2018,Golden State Warriors,108,Houston Rockets,116
Sat Jan 20 2018,Toronto Raptors,109,Minnesota Timberwolves,115
Sat Jan 20 2018,Memphis Grizzlies,104,New Orleans Pelicans,111
Sat Jan 20 2018,Milwaukee Bucks,94,Philadelphia 76ers,116
Sat Jan 20 2018,Dallas Mavericks,108,Portland Trail Blazers,117
Sat Jan 20 2018,Los Angeles Clippers,113,Utah Jazz,125
Sun Jan 21 2018,Orlando Magic,103,Boston Celtics,95
Sun Jan 21 2018,Brooklyn Nets,101,Detroit Pistons,100
Sun Jan 21 2018,New York Knicks,107,Los Angeles Lakers,127
Sun Jan 21 2018,Indiana Pacers,94,San Antonio Spurs,86
Mon Jan 22 2018,Utah Jazz,90,Atlanta Hawks,104
Mon Jan 22 2018,Sacramento Kings,107,Charlotte Hornets,112
Mon Jan 22 2018,Washington Wizards,75,Dallas Mavericks,98
Mon Jan 22 2018,Portland Trail Blazers,101,Denver Nuggets,104
Mon Jan 22 2018,Miami Heat,90,Houston Rockets,99
Mon Jan 22 2018,Minnesota Timberwolves,126,Los Angeles Clippers,118
Mon Jan 22 2018,Philadelphia 76ers,101,Memphis Grizzlies,105
Mon Jan 22 2018,Phoenix Suns,105,Milwaukee Bucks,109
Mon Jan 22 2018,Chicago Bulls,128,New Orleans Pelicans,132
Tue Jan 23 2018,New York Knicks,112,Golden State Warriors,123
Tue Jan 23 2018,Boston Celtics,107,Los Angeles Lakers,108
Tue Jan 23 2018,Brooklyn Nets,108,Oklahoma City Thunder,109
Tue Jan 23 2018,Sacramento Kings,105,Orlando Magic,99
Tue Jan 23 2018,Cleveland Cavaliers,102,San Antonio Spurs,114
Wed Jan 24 2018,Toronto Raptors,108,Atlanta Hawks,93
Wed Jan 24 2018,New Orleans Pelicans,101,Charlotte Hornets,96
Wed Jan 24 2018,Houston Rockets,104,Dallas Mavericks,97
Wed Jan 24 2018,Utah Jazz,98,Detroit Pistons,95
Wed Jan 24 2018,Phoenix Suns,101,Indiana Pacers,116
Wed Jan 24 2018,Boston Celtics,113,Los Angeles Clippers,102
Wed Jan 24 2018,San Antonio Spurs,108,Memphis Grizzlies,85
Wed Jan 24 2018,Chicago Bulls,101,Philadelphia 76ers,115
Wed Jan 24 2018,Minnesota Timberwolves,114,Portland Trail Blazers,123
Thu Jan 25 2018,New York Knicks,118,Denver Nuggets,130
Thu Jan 25 2018,Minnesota Timberwolves,113,Golden State Warriors,126
Thu Jan 25 2018,Sacramento Kings,89,Miami Heat,88
Thu Jan 25 2018,Washington Wizards,112,Oklahoma City Thunder,121
Fri Jan 26 2018,Los Angeles Lakers,108,Chicago Bulls,103
Fri Jan 26 2018,Atlanta Hawks,110,Charlotte Hornets,121
Fri Jan 26 2018,Indiana Pacers,108,Cleveland Cavaliers,115
Fri Jan 26 2018,Portland Trail Blazers,107,Dallas Mavericks,93
Fri Jan 26 2018,Los Angeles Clippers,109,Memphis Grizzlies,100
Fri Jan 26 2018,Brooklyn Nets,91,Milwaukee Bucks,116
Fri Jan 26 2018,Houston Rockets,113,New Orleans Pelicans,115
Fri Jan 26 2018,New York Knicks,107,Phoenix Suns,85
Fri Jan 26 2018,Philadelphia 76ers,97,San Antonio Spurs,78
Fri Jan 26 2018,Utah Jazz,97,Toronto Raptors,93
Sat Jan 27 2018,Washington Wizards,129,Atlanta Hawks,104
Sat Jan 27 2018,Dallas Mavericks,89,Denver Nuggets,91
Sat Jan 27 2018,Oklahoma City Thunder,121,Detroit Pistons,108
Sat Jan 27 2018,Boston Celtics,105,Golden State Warriors,109
Sat Jan 27 2018,Orlando Magic,112,Indiana Pacers,114
Sat Jan 27 2018,Charlotte Hornets,91,Miami Heat,95
Sat Jan 27 2018,Brooklyn Nets,97,Minnesota Timberwolves,111
Sun Jan 28 2018,Milwaukee Bucks,110,Chicago Bulls,96
Sun Jan 28 2018,Detroit Pistons,104,Cleveland Cavaliers,121
Sun Jan 28 2018,Phoenix Suns,102,Houston Rockets,113
Sun Jan 28 2018,Los Angeles Clippers,112,New Orleans Pelicans,103
Sun Jan 28 2018,Philadelphia 76ers,112,Oklahoma City Thunder,122
Sun Jan 28 2018,Sacramento Kings,98,San Antonio Spurs,113
Sun Jan 28 2018,Los Angeles Lakers,111,Toronto Raptors,123
Mon Jan 29 2018,Minnesota Timberwolves,100,Atlanta Hawks,105
Mon Jan 29 2018,Miami Heat,95,Dallas Mavericks,88
Mon Jan 29 2018,Boston Celtics,111,Denver Nuggets,110
Mon Jan 29 2018,Charlotte Hornets,96,Indiana Pacers,105
Mon Jan 29 2018,Phoenix Suns,109,Memphis Grizzlies,120
Mon Jan 29 2018,Philadelphia 76ers,95,Milwaukee Bucks,107
Tue Jan 30 2018,Cleveland Cavaliers,114,Detroit Pistons,125
Tue Jan 30 2018,Orlando Magic,107,Houston Rockets,114
Tue Jan 30 2018,Portland Trail Blazers,104,Los Angeles Clippers,96
Tue Jan 30 2018,Sacramento Kings,114,New Orleans Pelicans,103
Tue Jan 30 2018,Brooklyn Nets,95,New York Knicks,111
Tue Jan 30 2018,Denver Nuggets,104,San Antonio Spurs,106
Tue Jan 30 2018,Minnesota Timberwolves,104,Toronto Raptors,109
Tue Jan 30 2018,Golden State Warriors,99,Utah Jazz,129
Tue Jan 30 2018,Oklahoma City Thunder,96,Washington Wizards,102
Wed Jan 31 2018,Charlotte Hornets,123,Atlanta Hawks,110
Wed Jan 31 2018,New York Knicks,73,Boston Celtics,103
Wed Jan 31 2018,Philadelphia 76ers,108,Brooklyn Nets,116
Wed Jan 31 2018,Miami Heat,89,Cleveland Cavaliers,91
Wed Jan 31 2018,Memphis Grizzlies,101,Indiana Pacers,105
Wed Jan 31 2018,Los Angeles Lakers,105,Orlando Magic,127
Wed Jan 31 2018,Dallas Mavericks,88,Phoenix Suns,102
Wed Jan 31 2018,Chicago Bulls,108,Portland Trail Blazers,124
Date,Visitor/Neutral,PTS,Home/Neutral,PTS
Thu Feb 1 2018,Oklahoma City Thunder,124,Denver Nuggets,127
Thu Feb 1 2018,Memphis Grizzlies,102,Detroit Pistons,104
Thu Feb 1 2018,Milwaukee Bucks,89,Minnesota Timberwolves,108
Thu Feb 1 2018,Houston Rockets,102,San Antonio Spurs,91
Thu Feb 1 2018,Toronto Raptors,119,Washington Wizards,122
Fri Feb 2 2018,Atlanta Hawks,110,Boston Celtics,119
Fri Feb 2 2018,Los Angeles Lakers,102,Brooklyn Nets,99
Fri Feb 2 2018,Indiana Pacers,126,Charlotte Hornets,133
Fri Feb 2 2018,New York Knicks,90,Milwaukee Bucks,92
Fri Feb 2 2018,New Orleans Pelicans,114,Oklahoma City Thunder,100
Fri Feb 2 2018,Miami Heat,97,Philadelphia 76ers,103
Fri Feb 2 2018,Utah Jazz,129,Phoenix Suns,97
Fri Feb 2 2018,Golden State Warriors,119,Sacramento Kings,104
Fri Feb 2 2018,Portland Trail Blazers,105,Toronto Raptors,130
Sat Feb 3 2018,Houston Rockets,120,Cleveland Cavaliers,88
Sat Feb 3 2018,Golden State Warriors,108,Denver Nuggets,115
Sat Feb 3 2018,Miami Heat,107,Detroit Pistons,111
Sat Feb 3 2018,Philadelphia 76ers,92,Indiana Pacers,100
Sat Feb 3 2018,Chicago Bulls,103,Los Angeles Clippers,113
Sat Feb 3 2018,New Orleans Pelicans,107,Minnesota Timberwolves,118
Sat Feb 3 2018,Washington Wizards,115,Orlando Magic,98
Sat Feb 3 2018,Dallas Mavericks,106,Sacramento Kings,99
Sat Feb 3 2018,Utah Jazz,120,San Antonio Spurs,111
Sun Feb 4 2018,Portland Trail Blazers,96,Boston Celtics,97
Sun Feb 4 2018,Milwaukee Bucks,109,Brooklyn Nets,94
Sun Feb 4 2018,Atlanta Hawks,99,New York Knicks,96
Sun Feb 4 2018,Los Angeles Lakers,108,Oklahoma City Thunder,104
Sun Feb 4 2018,Charlotte Hornets,115,Phoenix Suns,110
Sun Feb 4 2018,Memphis Grizzlies,86,Toronto Raptors,101
Mon Feb 5 2018,Charlotte Hornets,,Denver Nuggets,
Mon Feb 5 2018,Portland Trail Blazers,,Detroit Pistons,
Mon Feb 5 2018,Washington Wizards,,Indiana Pacers,
Mon Feb 5 2018,Dallas Mavericks,,Los Angeles Clippers,
Mon Feb 5 2018,Orlando Magic,,Miami Heat,
Mon Feb 5 2018,Utah Jazz,,New Orleans Pelicans,
Mon Feb 5 2018,Chicago Bulls,,Sacramento Kings,
Tue Feb 6 2018,Memphis Grizzlies,,Atlanta Hawks,
Tue Feb 6 2018,Houston Rockets,,Brooklyn Nets,
Tue Feb 6 2018,Oklahoma City Thunder,,Golden State Warriors,
Tue Feb 6 2018,Phoenix Suns,,Los Angeles Lakers,
Tue Feb 6 2018,Milwaukee Bucks,,New York Knicks,
Tue Feb 6 2018,Cleveland Cavaliers,,Orlando Magic,
Tue Feb 6 2018,Washington Wizards,,Philadelphia 76ers,
Tue Feb 6 2018,Boston Celtics,,Toronto Raptors,
Wed Feb 7 2018,Minnesota Timberwolves,,Cleveland Cavaliers,
Wed Feb 7 2018,Brooklyn Nets,,Detroit Pistons,
Wed Feb 7 2018,Utah Jazz,,Memphis Grizzlies,
Wed Feb 7 2018,Houston Rockets,,Miami Heat,
Wed Feb 7 2018,Indiana Pacers,,New Orleans Pelicans,
Wed Feb 7 2018,San Antonio Spurs,,Phoenix Suns,
Thu Feb 8 2018,Dallas Mavericks,,Golden State Warriors,
Thu Feb 8 2018,Oklahoma City Thunder,,Los Angeles Lakers,
Thu Feb 8 2018,Atlanta Hawks,,Orlando Magic,
Thu Feb 8 2018,Charlotte Hornets,,Portland Trail Blazers,
Thu Feb 8 2018,New York Knicks,,Toronto Raptors,
Thu Feb 8 2018,Boston Celtics,,Washington Wizards,
Fri Feb 9 2018,Cleveland Cavaliers,,Atlanta Hawks,
Fri Feb 9 2018,Indiana Pacers,,Boston Celtics,
Fri Feb 9 2018,Minnesota Timberwolves,,Chicago Bulls,
Fri Feb 9 2018,Los Angeles Clippers,,Detroit Pistons,
Fri Feb 9 2018,Denver Nuggets,,Houston Rockets,
Fri Feb 9 2018,Milwaukee Bucks,,Miami Heat,
Fri Feb 9 2018,New Orleans Pelicans,,Philadelphia 76ers,
Fri Feb 9 2018,Portland Trail Blazers,,Sacramento Kings,
Fri Feb 9 2018,Charlotte Hornets,,Utah Jazz,
Sat Feb 10 2018,New Orleans Pelicans,,Brooklyn Nets,
Sat Feb 10 2018,Washington Wizards,,Chicago Bulls,
Sat Feb 10 2018,Los Angeles Lakers,,Dallas Mavericks,
Sat Feb 10 2018,San Antonio Spurs,,Golden State Warriors,
Sat Feb 10 2018,Milwaukee Bucks,,Orlando Magic,
Sat Feb 10 2018,Los Angeles Clippers,,Philadelphia 76ers,
Sat Feb 10 2018,Denver Nuggets,,Phoenix Suns,
Sun Feb 11 2018,Detroit Pistons,,Atlanta Hawks,
Sun Feb 11 2018,Cleveland Cavaliers,,Boston Celtics,
Sun Feb 11 2018,Toronto Raptors,,Charlotte Hornets,
Sun Feb 11 2018,Dallas Mavericks,,Houston Rockets,
Sun Feb 11 2018,New York Knicks,,Indiana Pacers,
Sun Feb 11 2018,Sacramento Kings,,Minnesota Timberwolves,
Sun Feb 11 2018,Memphis Grizzlies,,Oklahoma City Thunder,
Sun Feb 11 2018,Utah Jazz,,Portland Trail Blazers,
Mon Feb 12 2018,Los Angeles Clippers,,Brooklyn Nets,
Mon Feb 12 2018,Orlando Magic,,Chicago Bulls,
Mon Feb 12 2018,New Orleans Pelicans,,Detroit Pistons,
Mon Feb 12 2018,Phoenix Suns,,Golden State Warriors,
Mon Feb 12 2018,New York Knicks,,Philadelphia 76ers,
Mon Feb 12 2018,San Antonio Spurs,,Utah Jazz,
Tue Feb 13 2018,Sacramento Kings,,Dallas Mavericks,
Tue Feb 13 2018,San Antonio Spurs,,Denver Nuggets,
Tue Feb 13 2018,Atlanta Hawks,,Milwaukee Bucks,
Tue Feb 13 2018,Houston Rockets,,Minnesota Timberwolves,
Tue Feb 13 2018,Cleveland Cavaliers,,Oklahoma City Thunder,
Tue Feb 13 2018,Miami Heat,,Toronto Raptors,
Wed Feb 14 2018,Los Angeles Clippers,,Boston Celtics,
Wed Feb 14 2018,Indiana Pacers,,Brooklyn Nets,
Wed Feb 14 2018,Toronto Raptors,,Chicago Bulls,
Wed Feb 14 2018,Atlanta Hawks,,Detroit Pistons,
Wed Feb 14 2018,Sacramento Kings,,Houston Rockets,
Wed Feb 14 2018,Oklahoma City Thunder,,Memphis Grizzlies,
Wed Feb 14 2018,Los Angeles Lakers,,New Orleans Pelicans,
Wed Feb 14 2018,Washington Wizards,,New York Knicks,
Wed Feb 14 2018,Charlotte Hornets,,Orlando Magic,
Wed Feb 14 2018,Miami Heat,,Philadelphia 76ers,
Wed Feb 14 2018,Golden State Warriors,,Portland Trail Blazers,
Wed Feb 14 2018,Phoenix Suns,,Utah Jazz,
Thu Feb 15 2018,Denver Nuggets,,Milwaukee Bucks,
Thu Feb 15 2018,Los Angeles Lakers,,Minnesota Timberwolves,
Thu Feb 22 2018,Philadelphia 76ers,,Chicago Bulls,
Thu Feb 22 2018,Brooklyn Nets,,Charlotte Hornets,
Thu Feb 22 2018,Washington Wizards,,Cleveland Cavaliers,
Thu Feb 22 2018,Los Angeles Clippers,,Golden State Warriors,
Thu Feb 22 2018,New York Knicks,,Orlando Magic,
Thu Feb 22 2018,Oklahoma City Thunder,,Sacramento Kings,
Fri Feb 23 2018,San Antonio Spurs,,Denver Nuggets,
Fri Feb 23 2018,Boston Celtics,,Detroit Pistons,
Fri Feb 23 2018,Minnesota Timberwolves,,Houston Rockets,
Fri Feb 23 2018,Atlanta Hawks,,Indiana Pacers,
Fri Feb 23 2018,Dallas Mavericks,,Los Angeles Lakers,
Fri Feb 23 2018,Cleveland Cavaliers,,Memphis Grizzlies,
Fri Feb 23 2018,Miami Heat,,New Orleans Pelicans,
Fri Feb 23 2018,Los Angeles Clippers,,Phoenix Suns,
Fri Feb 23 2018,Milwaukee Bucks,,Toronto Raptors,
Fri Feb 23 2018,Portland Trail Blazers,,Utah Jazz,
Fri Feb 23 2018,Charlotte Hornets,,Washington Wizards,
Sat Feb 24 2018,Oklahoma City Thunder,,Golden State Warriors,
Sat Feb 24 2018,Memphis Grizzlies,,Miami Heat,
Sat Feb 24 2018,Chicago Bulls,,Minnesota Timberwolves,
Sat Feb 24 2018,Boston Celtics,,New York Knicks,
Sat Feb 24 2018,Orlando Magic,,Philadelphia 76ers,
Sat Feb 24 2018,Portland Trail Blazers,,Phoenix Suns,
Sat Feb 24 2018,Los Angeles Lakers,,Sacramento Kings,
Sat Feb 24 2018,Dallas Mavericks,,Utah Jazz,
Sun Feb 25 2018,Detroit Pistons,,Charlotte Hornets,
Sun Feb 25 2018,San Antonio Spurs,,Cleveland Cavaliers,
Sun Feb 25 2018,Houston Rockets,,Denver Nuggets,
Sun Feb 25 2018,New Orleans Pelicans,,Milwaukee Bucks,
Sun Feb 25 2018,Philadelphia 76ers,,Washington Wizards,
Mon Feb 26 2018,Los Angeles Lakers,,Atlanta Hawks,
Mon Feb 26 2018,Memphis Grizzlies,,Boston Celtics,
Mon Feb 26 2018,Chicago Bulls,,Brooklyn Nets,
Mon Feb 26 2018,Indiana Pacers,,Dallas Mavericks,
Mon Feb 26 2018,Phoenix Suns,,New Orleans Pelicans,
Mon Feb 26 2018,Golden State Warriors,,New York Knicks,
Mon Feb 26 2018,Orlando Magic,,Oklahoma City Thunder,
Mon Feb 26 2018,Minnesota Timberwolves,,Sacramento Kings,
Mon Feb 26 2018,Detroit Pistons,,Toronto Raptors,
Mon Feb 26 2018,Houston Rockets,,Utah Jazz,
Tue Feb 27 2018,Chicago Bulls,,Charlotte Hornets,
Tue Feb 27 2018,Brooklyn Nets,,Cleveland Cavaliers,
Tue Feb 27 2018,Los Angeles Clippers,,Denver Nuggets,
Tue Feb 27 2018,Philadelphia 76ers,,Miami Heat,
Tue Feb 27 2018,Washington Wizards,,Milwaukee Bucks,
Tue Feb 27 2018,Sacramento Kings,,Portland Trail Blazers,
Wed Feb 28 2018,Indiana Pacers,,Atlanta Hawks,
Wed Feb 28 2018,Charlotte Hornets,,Boston Celtics,
Wed Feb 28 2018,Oklahoma City Thunder,,Dallas Mavericks,
Wed Feb 28 2018,Milwaukee Bucks,,Detroit Pistons,
Wed Feb 28 2018,Houston Rockets,,Los Angeles Clippers,
Wed Feb 28 2018,Phoenix Suns,,Memphis Grizzlies,
Wed Feb 28 2018,Toronto Raptors,,Orlando Magic,
Wed Feb 28 2018,New Orleans Pelicans,,San Antonio Spurs,
Wed Feb 28 2018,Golden State Warriors,,Washington Wizards,
Thu Mar 1 2018,Philadelphia 76ers,,Cleveland Cavaliers,
Thu Mar 1 2018,Los Angeles Lakers,,Miami Heat,
Thu Mar 1 2018,Minnesota Timberwolves,,Portland Trail Blazers,
Thu Mar 1 2018,Brooklyn Nets,,Sacramento Kings,
Fri Mar 2 2018,Golden State Warriors,,Atlanta Hawks,
Fri Mar 2 2018,Dallas Mavericks,,Chicago Bulls,
Fri Mar 2 2018,New York Knicks,,Los Angeles Clippers,
Fri Mar 2 2018,Denver Nuggets,,Memphis Grizzlies,
Fri Mar 2 2018,Indiana Pacers,,Milwaukee Bucks,
Fri Mar 2 2018,Detroit Pistons,,Orlando Magic,
Fri Mar 2 2018,Charlotte Hornets,,Philadelphia 76ers,
Fri Mar 2 2018,Oklahoma City Thunder,,Phoenix Suns,
Fri Mar 2 2018,Minnesota Timberwolves,,Utah Jazz,
Fri Mar 2 2018,Toronto Raptors,,Washington Wizards,
Sat Mar 3 2018,Denver Nuggets,,Cleveland Cavaliers,
Sat Mar 3 2018,Boston Celtics,,Houston Rockets,
Sat Mar 3 2018,Detroit Pistons,,Miami Heat,
Sat Mar 3 2018,Memphis Grizzlies,,Orlando Magic,
Sat Mar 3 2018,Oklahoma City Thunder,,Portland Trail Blazers,
Sat Mar 3 2018,Utah Jazz,,Sacramento Kings,
Sat Mar 3 2018,Los Angeles Lakers,,San Antonio Spurs,
Sun Mar 4 2018,Phoenix Suns,,Atlanta Hawks,
Sun Mar 4 2018,New Orleans Pelicans,,Dallas Mavericks,
Sun Mar 4 2018,Brooklyn Nets,,Los Angeles Clippers,
Sun Mar 4 2018,Philadelphia 76ers,,Milwaukee Bucks,
Sun Mar 4 2018,New York Knicks,,Sacramento Kings,
Sun Mar 4 2018,Charlotte Hornets,,Toronto Raptors,
Sun Mar 4 2018,Indiana Pacers,,Washington Wizards,
Mon Mar 5 2018,Boston Celtics,,Chicago Bulls,
Mon Mar 5 2018,Detroit Pistons,,Cleveland Cavaliers,
Mon Mar 5 2018,Milwaukee Bucks,,Indiana Pacers,
Mon Mar 5 2018,Portland Trail Blazers,,Los Angeles Lakers,
Mon Mar 5 2018,Phoenix Suns,,Miami Heat,
Mon Mar 5 2018,Memphis Grizzlies,,San Antonio Spurs,
Mon Mar 5 2018,Orlando Magic,,Utah Jazz,
Tue Mar 6 2018,Philadelphia 76ers,,Charlotte Hornets,
Tue Mar 6 2018,Denver Nuggets,,Dallas Mavericks,
Tue Mar 6 2018,Brooklyn Nets,,Golden State Warriors,
Tue Mar 6 2018,New Orleans Pelicans,,Los Angeles Clippers,
Tue Mar 6 2018,Houston Rockets,,Oklahoma City Thunder,
Tue Mar 6 2018,New York Knicks,,Portland Trail Blazers,
Tue Mar 6 2018,Atlanta Hawks,,Toronto Raptors,
Tue Mar 6 2018,Miami Heat,,Washington Wizards,
Wed Mar 7 2018,Memphis Grizzlies,,Chicago Bulls,
Wed Mar 7 2018,Cleveland Cavaliers,,Denver Nuggets,
Wed Mar 7 2018,Toronto Raptors,,Detroit Pistons,
Wed Mar 7 2018,Utah Jazz,,Indiana Pacers,
Wed Mar 7 2018,Orlando Magic,,Los Angeles Lakers,
Wed Mar 7 2018,Houston Rockets,,Milwaukee Bucks,
Wed Mar 7 2018,New Orleans Pelicans,,Sacramento Kings,
Thu Mar 8 2018,Brooklyn Nets,,Charlotte Hornets,
Thu Mar 8 2018,San Antonio Spurs,,Golden State Warriors,
Thu Mar 8 2018,Philadelphia 76ers,,Miami Heat,
Thu Mar 8 2018,Boston Celtics,,Minnesota Timberwolves,
Thu Mar 8 2018,Phoenix Suns,,Oklahoma City Thunder,
Fri Mar 9 2018,Los Angeles Lakers,,Denver Nuggets,
Fri Mar 9 2018,Chicago Bulls,,Detroit Pistons,
Fri Mar 9 2018,Atlanta Hawks,,Indiana Pacers,
Fri Mar 9 2018,Cleveland Cavaliers,,Los Angeles Clippers,
Fri Mar 9 2018,Utah Jazz,,Memphis Grizzlies,
Fri Mar 9 2018,New York Knicks,,Milwaukee Bucks,
Fri Mar 9 2018,Washington Wizards,,New Orleans Pelicans,
Fri Mar 9 2018,Golden State Warriors,,Portland Trail Blazers,
Fri Mar 9 2018,Orlando Magic,,Sacramento Kings,
Fri Mar 9 2018,Houston Rockets,,Toronto Raptors,
Sat Mar 10 2018,Phoenix Suns,,Charlotte Hornets,
Sat Mar 10 2018,Memphis Grizzlies,,Dallas Mavericks,
Sat Mar 10 2018,Orlando Magic,,Los Angeles Clippers,
Sat Mar 10 2018,Washington Wizards,,Miami Heat,
Sat Mar 10 2018,San Antonio Spurs,,Oklahoma City Thunder,
Sun Mar 11 2018,Chicago Bulls,,Atlanta Hawks,
Sun Mar 11 2018,Indiana Pacers,,Boston Celtics,
Sun Mar 11 2018,Philadelphia 76ers,,Brooklyn Nets,
Sun Mar 11 2018,Houston Rockets,,Dallas Mavericks,
Sun Mar 11 2018,Sacramento Kings,,Denver Nuggets,
Sun Mar 11 2018,Cleveland Cavaliers,,Los Angeles Lakers,
Sun Mar 11 2018,Golden State Warriors,,Minnesota Timberwolves,
Sun Mar 11 2018,Utah Jazz,,New Orleans Pelicans,
Sun Mar 11 2018,Toronto Raptors,,New York Knicks,
Mon Mar 12 2018,San Antonio Spurs,,Houston Rockets,
Mon Mar 12 2018,Milwaukee Bucks,,Memphis Grizzlies,
Mon Mar 12 2018,Sacramento Kings,,Oklahoma City Thunder,
Mon Mar 12 2018,Miami Heat,,Portland Trail Blazers,
Tue Mar 13 2018,Oklahoma City Thunder,,Atlanta Hawks,
Tue Mar 13 2018,Toronto Raptors,,Brooklyn Nets,
Tue Mar 13 2018,Los Angeles Clippers,,Chicago Bulls,
Tue Mar 13 2018,Denver Nuggets,,Los Angeles Lakers,
Tue Mar 13 2018,Charlotte Hornets,,New Orleans Pelicans,
Tue Mar 13 2018,Dallas Mavericks,,New York Knicks,
Tue Mar 13 2018,Indiana Pacers,,Philadelphia 76ers,
Tue Mar 13 2018,Cleveland Cavaliers,,Phoenix Suns,
Tue Mar 13 2018,Orlando Magic,,San Antonio Spurs,
Tue Mar 13 2018,Detroit Pistons,,Utah Jazz,
Tue Mar 13 2018,Minnesota Timberwolves,,Washington Wizards,
Wed Mar 14 2018,Washington Wizards,,Boston Celtics,
Wed Mar 14 2018,Los Angeles Lakers,,Golden State Warriors,
Wed Mar 14 2018,Milwaukee Bucks,,Orlando Magic,
Wed Mar 14 2018,Miami Heat,,Sacramento Kings,
Thu Mar 15 2018,Charlotte Hornets,,Atlanta Hawks,
Thu Mar 15 2018,Detroit Pistons,,Denver Nuggets,
Thu Mar 15 2018,Los Angeles Clippers,,Houston Rockets,
Thu Mar 15 2018,Toronto Raptors,,Indiana Pacers,
Thu Mar 15 2018,Chicago Bulls,,Memphis Grizzlies,
Thu Mar 15 2018,Philadelphia 76ers,,New York Knicks,
Thu Mar 15 2018,Cleveland Cavaliers,,Portland Trail Blazers,
Thu Mar 15 2018,New Orleans Pelicans,,San Antonio Spurs,
Thu Mar 15 2018,Phoenix Suns,,Utah Jazz,
Fri Mar 16 2018,Sacramento Kings,,Golden State Warriors,
Fri Mar 16 2018,Miami Heat,,Los Angeles Lakers,
Fri Mar 16 2018,Los Angeles Clippers,,Oklahoma City Thunder,
Fri Mar 16 2018,Boston Celtics,,Orlando Magic,
Fri Mar 16 2018,Brooklyn Nets,,Philadelphia 76ers,
Fri Mar 16 2018,Dallas Mavericks,,Toronto Raptors,
Sat Mar 17 2018,Dallas Mavericks,,Brooklyn Nets,
Sat Mar 17 2018,Cleveland Cavaliers,,Chicago Bulls,
Sat Mar 17 2018,Denver Nuggets,,Memphis Grizzlies,
Sat Mar 17 2018,Atlanta Hawks,,Milwaukee Bucks,
Sat Mar 17 2018,Houston Rockets,,New Orleans Pelicans,
Sat Mar 17 2018,Charlotte Hornets,,New York Knicks,
Sat Mar 17 2018,Golden State Warriors,,Phoenix Suns,
Sat Mar 17 2018,Detroit Pistons,,Portland Trail Blazers,
Sat Mar 17 2018,Minnesota Timberwolves,,San Antonio Spurs,
Sat Mar 17 2018,Sacramento Kings,,Utah Jazz,
Sat Mar 17 2018,Indiana Pacers,,Washington Wizards,
Sun Mar 18 2018,Portland Trail Blazers,,Los Angeles Clippers,
Sun Mar 18 2018,Houston Rockets,,Minnesota Timberwolves,
Sun Mar 18 2018,Boston Celtics,,New Orleans Pelicans,
Sun Mar 18 2018,Oklahoma City Thunder,,Toronto Raptors,
Mon Mar 19 2018,Memphis Grizzlies,,Brooklyn Nets,
Mon Mar 19 2018,Milwaukee Bucks,,Cleveland Cavaliers,
Mon Mar 19 2018,Los Angeles Lakers,,Indiana Pacers,
Mon Mar 19 2018,Denver Nuggets,,Miami Heat,
Mon Mar 19 2018,Chicago Bulls,,New York Knicks,
Mon Mar 19 2018,Charlotte Hornets,,Philadelphia 76ers,
Mon Mar 19 2018,Detroit Pistons,,Sacramento Kings,
Mon Mar 19 2018,Golden State Warriors,,San Antonio Spurs,
Tue Mar 20 2018,Oklahoma City Thunder,,Boston Celtics,
Tue Mar 20 2018,Los Angeles Clippers,,Minnesota Timberwolves,
Tue Mar 20 2018,Dallas Mavericks,,New Orleans Pelicans,
Tue Mar 20 2018,Toronto Raptors,,Orlando Magic,
Tue Mar 20 2018,Detroit Pistons,,Phoenix Suns,
Tue Mar 20 2018,Houston Rockets,,Portland Trail Blazers,
Tue Mar 20 2018,Atlanta Hawks,,Utah Jazz,
Wed Mar 21 2018,Charlotte Hornets,,Brooklyn Nets,
Wed Mar 21 2018,Denver Nuggets,,Chicago Bulls,
Wed Mar 21 2018,Toronto Raptors,,Cleveland Cavaliers,
Wed Mar 21 2018,New York Knicks,,Miami Heat,
Wed Mar 21 2018,Los Angeles Clippers,,Milwaukee Bucks,
Wed Mar 21 2018,Memphis Grizzlies,,Philadelphia 76ers,
Wed Mar 21 2018,Washington Wizards,,San Antonio Spurs,
Thu Mar 22 2018,Memphis Grizzlies,,Charlotte Hornets,
Thu Mar 22 2018,Utah Jazz,,Dallas Mavericks,
Thu Mar 22 2018,Detroit Pistons,,Houston Rockets,
Thu Mar 22 2018,Los Angeles Lakers,,New Orleans Pelicans,
Thu Mar 22 2018,Philadelphia 76ers,,Orlando Magic,
Thu Mar 22 2018,Atlanta Hawks,,Sacramento Kings,
Fri Mar 23 2018,Milwaukee Bucks,,Chicago Bulls,
Fri Mar 23 2018,Phoenix Suns,,Cleveland Cavaliers,
Fri Mar 23 2018,Atlanta Hawks,,Golden State Warriors,
Fri Mar 23 2018,Los Angeles Clippers,,Indiana Pacers,
Fri Mar 23 2018,Minnesota Timberwolves,,New York Knicks,
Fri Mar 23 2018,Miami Heat,,Oklahoma City Thunder,
Fri Mar 23 2018,Boston Celtics,,Portland Trail Blazers,
Fri Mar 23 2018,Utah Jazz,,San Antonio Spurs,
Fri Mar 23 2018,Brooklyn Nets,,Toronto Raptors,
Fri Mar 23 2018,Denver Nuggets,,Washington Wizards,
Sat Mar 24 2018,Charlotte Hornets,,Dallas Mavericks,
Sat Mar 24 2018,Chicago Bulls,,Detroit Pistons,
Sat Mar 24 2018,New Orleans Pelicans,,Houston Rockets,
Sat Mar 24 2018,Los Angeles Lakers,,Memphis Grizzlies,
Sat Mar 24 2018,Phoenix Suns,,Orlando Magic,
Sat Mar 24 2018,Minnesota Timberwolves,,Philadelphia 76ers,
Sun Mar 25 2018,Cleveland Cavaliers,,Brooklyn Nets,
Sun Mar 25 2018,Utah Jazz,,Golden State Warriors,
Sun Mar 25 2018,Atlanta Hawks,,Houston Rockets,
Sun Mar 25 2018,Miami Heat,,Indiana Pacers,
Sun Mar 25 2018,San Antonio Spurs,,Milwaukee Bucks,
Sun Mar 25 2018,Portland Trail Blazers,,Oklahoma City Thunder,
Sun Mar 25 2018,Boston Celtics,,Sacramento Kings,
Sun Mar 25 2018,Los Angeles Clippers,,Toronto Raptors,
Sun Mar 25 2018,New York Knicks,,Washington Wizards,
Mon Mar 26 2018,New York Knicks,,Charlotte Hornets,
Mon Mar 26 2018,Los Angeles Lakers,,Detroit Pistons,
Mon Mar 26 2018,Memphis Grizzlies,,Minnesota Timberwolves,
Mon Mar 26 2018,Denver Nuggets,,Philadelphia 76ers,
Mon Mar 26 2018,Boston Celtics,,Phoenix Suns,
Tue Mar 27 2018,Indiana Pacers,,Golden State Warriors,
Tue Mar 27 2018,Chicago Bulls,,Houston Rockets,
Tue Mar 27 2018,Milwaukee Bucks,,Los Angeles Clippers,
Tue Mar 27 2018,Cleveland Cavaliers,,Miami Heat,
Tue Mar 27 2018,Portland Trail Blazers,,New Orleans Pelicans,
Tue Mar 27 2018,Dallas Mavericks,,Sacramento Kings,
Tue Mar 27 2018,Denver Nuggets,,Toronto Raptors,
Tue Mar 27 2018,San Antonio Spurs,,Washington Wizards,
Wed Mar 28 2018,Cleveland Cavaliers,,Charlotte Hornets,
Wed Mar 28 2018,Dallas Mavericks,,Los Angeles Lakers,
Wed Mar 28 2018,Portland Trail Blazers,,Memphis Grizzlies,
Wed Mar 28 2018,Atlanta Hawks,,Minnesota Timberwolves,
Wed Mar 28 2018,Brooklyn Nets,,Orlando Magic,
Wed Mar 28 2018,New York Knicks,,Philadelphia 76ers,
Wed Mar 28 2018,Los Angeles Clippers,,Phoenix Suns,
Wed Mar 28 2018,Boston Celtics,,Utah Jazz,
Thu Mar 29 2018,Washington Wizards,,Detroit Pistons,
Thu Mar 29 2018,Milwaukee Bucks,,Golden State Warriors,
Thu Mar 29 2018,Chicago Bulls,,Miami Heat,
Thu Mar 29 2018,Indiana Pacers,,Sacramento Kings,
Thu Mar 29 2018,Oklahoma City Thunder,,San Antonio Spurs,
Fri Mar 30 2018,Philadelphia 76ers,,Atlanta Hawks,
Fri Mar 30 2018,New Orleans Pelicans,,Cleveland Cavaliers,
Fri Mar 30 2018,Minnesota Timberwolves,,Dallas Mavericks,
Fri Mar 30 2018,Phoenix Suns,,Houston Rockets,
Fri Mar 30 2018,Milwaukee Bucks,,Los Angeles Lakers,
Fri Mar 30 2018,Denver Nuggets,,Oklahoma City Thunder,
Fri Mar 30 2018,Chicago Bulls,,Orlando Magic,
Fri Mar 30 2018,Los Angeles Clippers,,Portland Trail Blazers,
Fri Mar 30 2018,Memphis Grizzlies,,Utah Jazz,
Sat Mar 31 2018,Toronto Raptors,,Boston Celtics,
Sat Mar 31 2018,Brooklyn Nets,,Miami Heat,
Sat Mar 31 2018,Detroit Pistons,,New York Knicks,
Sat Mar 31 2018,Golden State Warriors,,Sacramento Kings,
Sat Mar 31 2018,Charlotte Hornets,,Washington Wizards,
Sun Apr 1 2018,Orlando Magic,,Atlanta Hawks,
Sun Apr 1 2018,Detroit Pistons,,Brooklyn Nets,
Sun Apr 1 2018,Washington Wizards,,Chicago Bulls,
Sun Apr 1 2018,Philadelphia 76ers,,Charlotte Hornets,
Sun Apr 1 2018,Dallas Mavericks,,Cleveland Cavaliers,
Sun Apr 1 2018,Milwaukee Bucks,,Denver Nuggets,
Sun Apr 1 2018,Phoenix Suns,,Golden State Warriors,
Sun Apr 1 2018,Indiana Pacers,,Los Angeles Clippers,
Sun Apr 1 2018,Sacramento Kings,,Los Angeles Lakers,
Sun Apr 1 2018,Utah Jazz,,Minnesota Timberwolves,
Sun Apr 1 2018,Oklahoma City Thunder,,New Orleans Pelicans,
Sun Apr 1 2018,Memphis Grizzlies,,Portland Trail Blazers,
Sun Apr 1 2018,Houston Rockets,,San Antonio Spurs,
Tue Apr 3 2018,Charlotte Hornets,,Chicago Bulls,
Tue Apr 3 2018,Toronto Raptors,,Cleveland Cavaliers,
Tue Apr 3 2018,Portland Trail Blazers,,Dallas Mavericks,
Tue Apr 3 2018,Indiana Pacers,,Denver Nuggets,
Tue Apr 3 2018,Washington Wizards,,Houston Rockets,
Tue Apr 3 2018,San Antonio Spurs,,Los Angeles Clippers,
Tue Apr 3 2018,Atlanta Hawks,,Miami Heat,
Tue Apr 3 2018,Boston Celtics,,Milwaukee Bucks,
Tue Apr 3 2018,Orlando Magic,,New York Knicks,
Tue Apr 3 2018,Golden State Warriors,,Oklahoma City Thunder,
Tue Apr 3 2018,Brooklyn Nets,,Philadelphia 76ers,
Tue Apr 3 2018,Sacramento Kings,,Phoenix Suns,
Tue Apr 3 2018,Los Angeles Lakers,,Utah Jazz,
Wed Apr 4 2018,Miami Heat,,Atlanta Hawks,
Wed Apr 4 2018,Philadelphia 76ers,,Detroit Pistons,
Wed Apr 4 2018,San Antonio Spurs,,Los Angeles Lakers,
Wed Apr 4 2018,Memphis Grizzlies,,New Orleans Pelicans,
Wed Apr 4 2018,Dallas Mavericks,,Orlando Magic,
Wed Apr 4 2018,Boston Celtics,,Toronto Raptors,
Thu Apr 5 2018,Washington Wizards,,Cleveland Cavaliers,
Thu Apr 5 2018,Minnesota Timberwolves,,Denver Nuggets,
Thu Apr 5 2018,Portland Trail Blazers,,Houston Rockets,
Thu Apr 5 2018,Golden State Warriors,,Indiana Pacers,
Thu Apr 5 2018,Brooklyn Nets,,Milwaukee Bucks,
Thu Apr 5 2018,Los Angeles Clippers,,Utah Jazz,
Fri Apr 6 2018,Chicago Bulls,,Boston Celtics,
Fri Apr 6 2018,Dallas Mavericks,,Detroit Pistons,
Fri Apr 6 2018,Minnesota Timberwolves,,Los Angeles Lakers,
Fri Apr 6 2018,Sacramento Kings,,Memphis Grizzlies,
Fri Apr 6 2018,Miami Heat,,New York Knicks,
Fri Apr 6 2018,Charlotte Hornets,,Orlando Magic,
Fri Apr 6 2018,Cleveland Cavaliers,,Philadelphia 76ers,
Fri Apr 6 2018,New Orleans Pelicans,,Phoenix Suns,
Fri Apr 6 2018,Indiana Pacers,,Toronto Raptors,
Fri Apr 6 2018,Atlanta Hawks,,Washington Wizards,
Sat Apr 7 2018,Brooklyn Nets,,Chicago Bulls,
Sat Apr 7 2018,New Orleans Pelicans,,Golden State Warriors,
Sat Apr 7 2018,Oklahoma City Thunder,,Houston Rockets,
Sat Apr 7 2018,Denver Nuggets,,Los Angeles Clippers,
Sat Apr 7 2018,Milwaukee Bucks,,New York Knicks,
Sat Apr 7 2018,Portland Trail Blazers,,San Antonio Spurs,
Sun Apr 8 2018,Atlanta Hawks,,Boston Celtics,
Sun Apr 8 2018,Indiana Pacers,,Charlotte Hornets,
Sun Apr 8 2018,Utah Jazz,,Los Angeles Lakers,
Sun Apr 8 2018,Detroit Pistons,,Memphis Grizzlies,
Sun Apr 8 2018,Dallas Mavericks,,Philadelphia 76ers,
Sun Apr 8 2018,Golden State Warriors,,Phoenix Suns,
Sun Apr 8 2018,Orlando Magic,,Toronto Raptors,
Mon Apr 9 2018,Chicago Bulls,,Brooklyn Nets,
Mon Apr 9 2018,Portland Trail Blazers,,Denver Nuggets,
Mon Apr 9 2018,Toronto Raptors,,Detroit Pistons,
Mon Apr 9 2018,New Orleans Pelicans,,Los Angeles Clippers,
Mon Apr 9 2018,Oklahoma City Thunder,,Miami Heat,
Mon Apr 9 2018,Orlando Magic,,Milwaukee Bucks,
Mon Apr 9 2018,Memphis Grizzlies,,Minnesota Timberwolves,
Mon Apr 9 2018,Cleveland Cavaliers,,New York Knicks,
Mon Apr 9 2018,Sacramento Kings,,San Antonio Spurs,
Tue Apr 10 2018,Philadelphia 76ers,,Atlanta Hawks,
Tue Apr 10 2018,Phoenix Suns,,Dallas Mavericks,
Tue Apr 10 2018,Charlotte Hornets,,Indiana Pacers,
Tue Apr 10 2018,Houston Rockets,,Los Angeles Lakers,
Tue Apr 10 2018,Golden State Warriors,,Utah Jazz,
Tue Apr 10 2018,Boston Celtics,,Washington Wizards,
Wed Apr 11 2018,Brooklyn Nets,,Boston Celtics,
Wed Apr 11 2018,Detroit Pistons,,Chicago Bulls,
Wed Apr 11 2018,New York Knicks,,Cleveland Cavaliers,
Wed Apr 11 2018,Los Angeles Lakers,,Los Angeles Clippers,
Wed Apr 11 2018,Toronto Raptors,,Miami Heat,
Wed Apr 11 2018,Denver Nuggets,,Minnesota Timberwolves,
Wed Apr 11 2018,San Antonio Spurs,,New Orleans Pelicans,
Wed Apr 11 2018,Memphis Grizzlies,,Oklahoma City Thunder,
Wed Apr 11 2018,Washington Wizards,,Orlando Magic,
Wed Apr 11 2018,Milwaukee Bucks,,Philadelphia 76ers,
Wed Apr 11 2018,Utah Jazz,,Portland Trail Blazers,
Wed Apr 11 2018,Houston Rockets,,Sacramento Kings,
